Date,Open,High,Low,Close’,Adj Close’,Volume
5-Mar-26,119.77,120.88,118.22,118.96,118.96,"2,274,496"
4-Mar-26,123.96,126,119.89,120.08,120.08,"9,486,700"
3-Mar-26,116.01,122.43,115,120.8,120.8,"15,692,200"
2-Mar-26,111.84,114.38,111.25,113.17,113.17,"6,301,900"
27-Feb-26,113,113.88,111.11,113.79,113.79,"6,417,000"
26-Feb-26,117.48,118.7,113.96,114.79,114.79,"5,930,300"
25-Feb-26,115.75,116.48,114.61,116.44,116.44,"4,522,100"
24-Feb-26,113.4,115.58,113.4,115.52,115.52,"4,977,600"
23-Feb-26,116.08,116.72,112.81,113.34,113.34,"7,924,800"
20-Feb-26,115.27,118.98,114.45,116.69,116.69,"6,285,900"
19-Feb-26,115.2,116.26,114.62,115.66,115.66,"3,631,500"
18-Feb-26,115.75,116.83,114.75,115.66,115.66,"5,608,100"
17-Feb-26,116.9,118.38,114.19,116.54,116.54,"6,258,900"
13-Feb-26,113.41,116.15,112.62,115.76,115.76,"6,597,100"
12-Feb-26,114.98,116.37,111.86,112.69,112.69,"5,588,400"
11-Feb-26,112.94,114.78,112.31,114.61,114.61,"6,612,000"
10-Feb-26,115.5,117.17,113.15,113.23,112.09,"4,955,200"
9-Feb-26,115.27,116.2,113.73,115.52,114.36,"4,507,500"
6-Feb-26,111.57,115.82,111.57,115.55,114.39,"7,804,400"
5-Feb-26,114.13,114.77,110.34,110.85,109.73,"6,081,500"
4-Feb-26,112.55,114.88,112.27,114.13,112.98,"9,816,200"
3-Feb-26,109.89,112.96,109.59,111.3,110.18,"8,373,400"
2-Feb-26,104.93,109.91,103.68,109.53,108.43,"10,561,600"
30-Jan-26,102.84,105.51,102.36,105.47,104.41,"6,181,800"
29-Jan-26,102.41,103.27,101.32,102.84,101.8,"6,015,200"
28-Jan-26,104,104.18,100.88,101.74,100.72,"4,644,400"
27-Jan-26,104.35,104.82,103.19,104.1,103.05,"4,578,900"
26-Jan-26,108.03,108.49,103.61,103.96,102.91,"6,709,800"
23-Jan-26,106.36,108.33,106.1,108.1,107.01,"4,594,100"
22-Jan-26,106.58,106.81,104.8,106.5,105.43,"4,904,300"
21-Jan-26,108.61,110.25,104.89,106.04,104.97,"6,547,300"
20-Jan-26,110.02,110.66,107.43,109.34,108.24,"9,556,600"
16-Jan-26,110.84,111.75,110.18,111.28,110.16,"5,253,200"
15-Jan-26,110.07,111.86,108.4,111.13,110.01,"5,827,200"
14-Jan-26,108.57,110.64,108.18,109.82,108.71,"5,886,200"
13-Jan-26,108.5,109.95,107.96,108.63,107.54,"7,742,300"
12-Jan-26,105.58,106.85,103.16,106.14,105.07,"5,893,400"
9-Jan-26,105.63,107.3,104.14,105.52,104.46,"6,490,400"
8-Jan-26,103.13,108.64,102.68,106.33,105.26,"8,568,600"
7-Jan-26,104.3,104.66,102.49,103.67,102.63,"4,686,200"
6-Jan-26,102.1,104.85,101.59,104.3,103.25,"7,699,800"
5-Jan-26,100.4,103.26,99.9,102.1,101.07,"7,421,200"
2-Jan-26,97.91,101,97.07,100.51,99.5,"7,064,400"
31-Dec-25,97.41,98.44,97.2,97.75,96.77,"4,290,100"
30-Dec-25,97.88,97.99,97.06,97.43,96.45,"3,686,900"
29-Dec-25,99.46,100.24,97.71,98.1,97.11,"8,837,000"
26-Dec-25,96.58,103.03,96.54,99.55,98.55,"10,644,100"
24-Dec-25,94.61,96.6,94.18,96.53,95.56,"3,299,500"
23-Dec-25,95.25,95.38,93.77,94.3,93.35,"7,975,900"
22-Dec-25,97.95,98.34,94.78,95.2,94.24,"11,985,200"
19-Dec-25,98.9,99.45,96.55,98.01,97.02,"12,620,400"
18-Dec-25,98.6,101.99,98.56,99.05,98.05,"9,594,200"
17-Dec-25,97,98.62,95.15,98.6,97.61,"6,830,400"
16-Dec-25,97.89,98.52,97.05,97.67,96.69,"5,142,500"
15-Dec-25,97.56,97.93,96.31,97.56,96.58,"5,730,100"
12-Dec-25,97.25,98.2,96.25,97.09,96.11,"5,260,200"
11-Dec-25,94.78,97.18,94.78,96.97,95.99,"6,812,900"
10-Dec-25,93.87,95.4,92.94,94.62,93.67,"8,444,700"
9-Dec-25,92.51,93.98,92.31,93.62,92.68,"4,650,500"
8-Dec-25,92.61,93.71,90.9,93.06,92.12,"7,694,700"
5-Dec-25,91.55,92.69,90.85,92.19,91.26,"5,898,900"
4-Dec-25,91.17,92.2,90.17,91.59,90.67,"6,759,400"
3-Dec-25,90.67,92.91,90.6,90.92,90,"7,308,400"
2-Dec-25,91.75,91.75,89.36,90.47,89.56,"5,863,800"
1-Dec-25,90.4,93.11,90.14,91.36,90.44,"6,570,600"
28-Nov-25,90.28,91.7,89.87,90.62,89.71,"4,059,000"
26-Nov-25,86.68,90.23,86.61,89.8,88.9,"7,927,600"
25-Nov-25,84.99,86.63,84.73,86.58,85.71,"6,520,100"
24-Nov-25,87.63,87.98,84.52,84.54,83.69,"9,227,300"
21-Nov-25,84.44,88.98,84.24,87.62,86.74,"12,573,900"
20-Nov-25,86.16,86.93,83.44,83.68,82.84,"12,051,800"
19-Nov-25,86.42,89.62,85.3,86.08,85.21,"18,972,000"
18-Nov-25,87.84,90.02,87.62,88.53,87.64,"10,063,400"
17-Nov-25,89.52,90.26,88.23,88.48,87.59,"7,549,400"
14-Nov-25,89.99,91.11,89.41,89.9,88.99,"6,096,900"
13-Nov-25,91.81,92.62,90.41,90.62,89.71,"6,303,500"
12-Nov-25,91.77,92.6,91.11,91.91,90.98,"5,512,400"
11-Nov-25,91.38,92.13,90.94,91.58,89.53,"4,762,900"
10-Nov-25,91.82,93.43,89.92,90.73,88.7,"6,299,900"
7-Nov-25,89.15,91.58,89.15,91.24,89.2,"6,524,900"
6-Nov-25,91.79,92.71,88.48,89.15,87.15,"7,051,500"
5-Nov-25,89.83,93.26,89.02,91.94,89.88,"8,215,300"
4-Nov-25,90.88,91.29,89.75,89.98,87.97,"5,057,400"
3-Nov-25,92.61,92.66,90.9,91.45,89.4,"5,698,100"
31-Oct-25,92.55,93.04,91.51,92.72,90.64,"7,084,800"
30-Oct-25,93.31,94.63,92.66,92.92,90.84,"5,631,200"
29-Oct-25,96.52,97.07,94.03,94.12,92.01,"6,125,600"
28-Oct-25,97.52,99.49,96.41,97.11,94.94,"7,959,600"
27-Oct-25,95.25,97.91,94.95,97.77,95.58,"10,000,000"
24-Oct-25,94.86,95.61,93.92,94.26,92.15,"5,459,000"
23-Oct-25,94.07,95.03,92.96,94.25,92.14,"4,833,400"
22-Oct-25,94.29,94.73,93.45,94.02,91.91,"4,973,000"
21-Oct-25,91.88,94.55,91.74,94.4,92.29,"7,770,100"
20-Oct-25,91.08,92.17,91,91.53,89.48,"4,886,300"
17-Oct-25,90,90.96,89.81,90.84,88.81,"6,461,400"
16-Oct-25,90.88,91.65,89.12,90.07,88.05,"5,556,500"
15-Oct-25,89.26,91.19,88.91,90.91,88.87,"6,402,500"
14-Oct-25,86.53,89.4,86.35,88.96,86.97,"6,352,300"
13-Oct-25,86.92,88.35,86.73,87.34,85.38,"10,515,500"
10-Oct-25,89.18,89.23,85.36,85.53,83.61,"13,925,200"
9-Oct-25,90.99,90.99,88.62,89.1,87.1,"7,189,200"
8-Oct-25,89.62,90.99,89.54,90.38,88.36,"6,848,500"
7-Oct-25,89.18,90.09,88.51,89.27,87.27,"6,348,100"
6-Oct-25,89.34,90.17,87.84,88.96,86.97,"8,975,700"
3-Oct-25,89.8,90.37,88.28,89.03,87.04,"6,872,000"
2-Oct-25,88.93,90.28,88.18,89.51,87.51,"7,557,400"
1-Oct-25,89.48,89.5,87.26,89.14,87.14,"10,378,500"
30-Sep-25,88.5,90.21,87.26,89.7,87.69,"16,872,300"
29-Sep-25,88.36,88.83,87.31,88.83,86.84,"7,955,600"
26-Sep-25,86.84,88.59,86.84,87.85,85.88,"7,575,600"
25-Sep-25,87.81,88,86.53,87.14,85.19,"8,566,300"
24-Sep-25,87.21,88.34,86.87,88.31,86.33,"10,691,700"
23-Sep-25,86.89,87.88,86.73,87.05,85.1,"8,077,800"
22-Sep-25,88.02,88.07,86.3,86.56,84.62,"12,449,500"
19-Sep-25,89.55,89.74,87.81,88.13,86.16,"13,319,500"
18-Sep-25,88.71,89.53,88.16,89.42,87.42,"8,781,100"
17-Sep-25,89.84,90.81,88.74,88.93,86.94,"9,399,000"
16-Sep-25,88.93,89.79,88.57,89.72,87.71,"6,736,700"
15-Sep-25,90.1,90.19,88.44,88.56,86.58,"9,310,900"
12-Sep-25,91.3,91.42,89.96,89.96,87.95,"6,176,200"
11-Sep-25,90.87,92.25,90.79,91.52,89.47,"9,492,500"
10-Sep-25,90.77,91.4,90.04,90.78,88.75,"5,747,900"
9-Sep-25,91.49,91.86,90.22,90.91,88.87,"7,564,800"
8-Sep-25,93.21,93.44,91.34,91.5,89.45,"9,261,700"
5-Sep-25,92.78,93.95,92.45,93.17,91.08,"4,894,600"
4-Sep-25,92.74,93.29,92.28,92.71,90.63,"5,901,000"
3-Sep-25,92.5,92.86,91.69,92.35,90.28,"8,485,800"
2-Sep-25,95.13,95.36,91.92,92.44,90.37,"12,987,200"
29-Aug-25,97.1,97.22,95.67,95.98,93.83,"5,370,900"
28-Aug-25,98.52,98.79,96.34,96.81,94.64,"5,145,000"
27-Aug-25,96.34,98.17,96.32,97.96,95.77,"6,486,000"
26-Aug-25,96.8,96.99,95.83,96.11,93.96,"6,398,800"
25-Aug-25,98.5,98.84,96.6,97.13,94.96,"7,651,300"
22-Aug-25,97.58,101.34,97.36,99.24,97.02,"13,663,600"
21-Aug-25,98.49,98.5,96.13,97.06,94.89,"11,415,700"
20-Aug-25,94.41,99.56,94.15,98.69,96.48,"33,165,700"
19-Aug-25,105.8,107.27,104.44,105.36,103,"8,815,500"
18-Aug-25,104,106.23,103.66,104.95,102.6,"6,901,600"
15-Aug-25,102.3,104.44,101.95,103.02,100.71,"6,305,100"
14-Aug-25,103.85,104.31,102.58,104.25,101.92,"4,985,800"
13-Aug-25,103.81,105.67,102.33,105.36,103,"7,364,700"
12-Aug-25,104.9,107.82,104.25,106.26,102.77,"6,593,800"
11-Aug-25,105.4,106.58,103.66,104.01,100.59,"5,020,200"
8-Aug-25,105.81,106.25,104.79,105.4,101.93,"3,494,900"
7-Aug-25,106.5,106.93,104.12,105.67,102.2,"4,191,000"
6-Aug-25,103.47,106.36,102.98,105.39,101.92,"6,306,600"
5-Aug-25,100.06,102.96,99.78,102.43,99.06,"5,093,400"
4-Aug-25,100.01,101.06,99.6,99.79,96.51,"5,312,700"
1-Aug-25,99.52,100.31,98.44,99.77,96.49,"5,021,700"
31-Jul-25,102.35,102.63,100.36,100.5,97.2,"6,442,300"
30-Jul-25,104.71,105,102.34,103.14,99.75,"4,527,100"
29-Jul-25,106.12,106.29,103.92,104.18,100.75,"4,753,500"
28-Jul-25,106.22,106.8,105.25,106.43,102.93,"3,864,900"
25-Jul-25,106.76,107.02,105.15,106.05,102.56,"3,476,000"
24-Jul-25,107.22,108.43,105.44,105.82,102.34,"5,415,200"
23-Jul-25,107.5,108.9,106.8,107.43,103.9,"5,907,500"
22-Jul-25,102.75,106.91,102.45,106.54,103.04,"6,473,000"
21-Jul-25,102.11,103.66,101.68,101.71,98.37,"4,478,800"
18-Jul-25,103.96,104.28,102.14,103.46,100.06,"5,282,100"
17-Jul-25,101.59,103.94,101.59,103.65,100.24,"4,529,500"
16-Jul-25,102.67,103.41,100.36,101.34,98.01,"3,861,900"
15-Jul-25,105,105.5,102.19,102.21,98.85,"5,289,900"
14-Jul-25,104,105,103.19,104.87,101.42,"4,468,100"
11-Jul-25,104.31,105.04,103.19,104.24,100.81,"3,866,100"
10-Jul-25,102.92,106.37,102.62,104.74,101.3,"5,109,900"
9-Jul-25,102.51,103.33,101.8,102.43,99.06,"4,312,200"
8-Jul-25,101.72,102.47,100.58,102.01,98.66,"6,100,500"
7-Jul-25,103,103.41,100.74,101.6,98.26,"5,677,100"
3-Jul-25,105.95,105.97,104.05,104.06,100.64,"3,535,300"
2-Jul-25,104.29,105.71,103.32,105.45,101.98,"6,327,900"
1-Jul-25,98.33,105.34,98.32,103.85,100.44,"9,968,200"
30-Jun-25,99.6,99.66,98.14,98.65,95.41,"4,933,600"
27-Jun-25,98.26,100.26,98.11,99.23,95.97,"6,389,800"
26-Jun-25,96.98,97.83,96.39,97.6,94.39,"5,331,900"
25-Jun-25,97.5,97.81,95.99,96.7,93.52,"4,372,000"
24-Jun-25,97.25,98.14,96.54,97.53,94.32,"6,406,100"
23-Jun-25,94.62,96.64,94.17,96.53,93.36,"6,887,200"
20-Jun-25,95.69,96.58,94.4,95.54,92.4,"9,619,800"
18-Jun-25,95.22,96.71,94.83,95.12,91.99,"6,408,600"
17-Jun-25,96.67,96.84,94.86,95.02,91.9,"7,195,500"
16-Jun-25,96.19,97.53,95.47,97.37,94.17,"7,427,600"
13-Jun-25,98,99.25,94.78,95.37,92.23,"7,303,300"
12-Jun-25,97.65,99.49,97.03,99.29,96.03,"5,320,600"
11-Jun-25,100.82,101.09,97.75,98.11,94.88,"6,803,400"
10-Jun-25,97.72,102.37,97.65,100.77,97.46,"9,612,400"
9-Jun-25,98.31,99.36,97.31,97.35,94.15,"6,299,300"
6-Jun-25,94.52,97.36,94.45,97.32,94.12,"7,822,800"
5-Jun-25,94.24,94.96,93.09,93.52,90.45,"4,759,900"
4-Jun-25,95.63,96.05,93.93,93.94,90.85,"4,416,700"
3-Jun-25,93.49,96.43,93.06,95.78,92.63,"6,388,800"
2-Jun-25,93.41,93.46,92.06,93.32,90.25,"5,748,800"
30-May-25,94.04,94.76,93.25,94.01,90.92,"7,874,000"
29-May-25,97.77,97.77,94.24,94.87,91.75,"7,033,300"
28-May-25,96.99,97.09,95.77,95.94,92.79,"4,476,000"
27-May-25,95.56,97.13,94.88,96.99,93.8,"6,501,800"
23-May-25,93.14,95.18,93.14,94.29,91.19,"7,373,800"
22-May-25,92.17,95.82,92.05,95.06,91.93,"11,428,000"
21-May-25,91.5,95.31,90.6,93.01,89.95,"27,058,500"
20-May-25,98,99.33,97.35,98.12,94.89,"10,163,500"
19-May-25,96.76,98.44,96.05,97.99,94.77,"8,468,700"
16-May-25,97.76,99.14,97.4,98.58,95.34,"6,371,500"
15-May-25,94.3,97.5,93.71,97.07,93.88,"8,348,500"
14-May-25,97.05,97.25,94.81,95.26,92.13,"10,286,400"
13-May-25,100.88,100.88,98.47,99.09,94.75,"7,774,500"
12-May-25,100.93,103,99.03,101.08,96.65,"9,670,800"
9-May-25,96.94,97.84,96.09,96.4,92.18,"4,614,700"
8-May-25,96.95,98.38,96.24,96.93,92.68,"5,006,300"
7-May-25,94.12,96.13,93.95,95.49,91.31,"5,725,200"
6-May-25,93.9,94.59,93.01,93.65,89.55,"5,726,600"
5-May-25,96.84,96.84,93.71,94.02,89.9,"6,789,300"
2-May-25,97.3,98.51,96.69,97.37,93.1,"5,294,900"
1-May-25,97.11,97.53,95.55,95.97,91.77,"5,443,700"
30-Apr-25,95.51,96.99,94.23,96.7,92.46,"8,255,300"
29-Apr-25,95.95,97.09,95.3,96.91,92.66,"3,768,400"
28-Apr-25,96.49,97.99,95.17,96.37,92.15,"4,662,400"
25-Apr-25,95.01,96.85,94.69,96.58,92.35,"5,274,900"
24-Apr-25,92.3,95.56,91.88,95.31,91.13,"7,718,800"
23-Apr-25,96.85,97.62,91.69,92.15,88.11,"9,113,800"
22-Apr-25,94.12,95.94,92.75,94.1,89.98,"7,200,100"
21-Apr-25,92.64,93.91,90.85,93.78,89.67,"6,856,600"
17-Apr-25,90.23,93.54,90.23,93.11,89.03,"5,349,800"
16-Apr-25,91,92.63,89.53,90.46,86.5,"8,048,400"
15-Apr-25,94.04,94.98,91.96,92.08,88.05,"6,605,600"
14-Apr-25,94.42,95.41,92.72,94.65,90.5,"8,164,400"
11-Apr-25,92.41,92.96,88.63,92.78,88.72,"10,457,600"
10-Apr-25,95.69,96,89.8,92.71,88.65,"12,187,900"
9-Apr-25,88,98.48,87.88,97.69,93.41,"13,717,800"
8-Apr-25,96.54,97.5,87.35,88.76,84.87,"13,408,900"
7-Apr-25,91.27,97.86,90.25,94.38,90.25,"13,800,600"
4-Apr-25,91.84,96.88,90.62,95.72,91.53,"16,229,700"
3-Apr-25,97.75,98.45,93,94.28,90.15,"19,020,400"
2-Apr-25,104.02,107.09,103.93,105.77,101.14,"5,654,400"
1-Apr-25,104.98,105.59,103.53,104.43,99.85,"6,240,500"
31-Mar-25,102,104.66,100.5,104.36,99.79,"7,069,200"
28-Mar-25,104.49,105.39,102.37,103.65,99.11,"9,704,400"
27-Mar-25,105.8,107.98,105.72,106.51,101.84,"5,015,300"
26-Mar-25,105.76,106.67,104.97,106.09,101.44,"5,490,800"
25-Mar-25,108.16,108.76,104.57,105.4,100.78,"6,837,700"
24-Mar-25,104.99,108.48,104.94,108.35,103.6,"8,526,100"
21-Mar-25,103.36,105.12,101.76,104.06,99.5,"31,066,200"
20-Mar-25,104.4,106.67,103.92,104.2,99.63,"5,863,300"
19-Mar-25,104,105.76,103.75,104.94,100.34,"6,331,900"
18-Mar-25,105.46,106.25,104.49,104.59,100.01,"4,922,200"
17-Mar-25,105.66,106.96,105.26,105.67,101.04,"5,436,200"
14-Mar-25,105.23,105.28,103.46,104.7,100.11,"7,551,800"
13-Mar-25,107.78,108.02,104.01,104.5,99.92,"9,700,200"
12-Mar-25,112.99,113.48,107.02,107.28,102.58,"10,434,200"
11-Mar-25,113.92,115.01,112.21,112.76,107.82,"8,271,800"
10-Mar-25,114.69,115.63,111.84,113.85,108.86,"8,146,200"
7-Mar-25,113.52,115.32,112.1,115.08,110.04,"8,050,900"
6-Mar-25,114.98,115.9,113.26,114.05,109.05,"8,020,200"
5-Mar-25,116.37,116.78,114.1,116.56,111.45,"7,311,000"
4-Mar-25,117.5,118.22,112.53,117.14,112.01,"15,623,300"
3-Mar-25,125.27,127.06,119.92,120.76,115.47,"12,120,900"
28-Feb-25,122.8,124.53,122.36,124.24,118.8,"8,893,600"
27-Feb-25,123.74,125.05,122.37,122.5,117.13,"6,164,500"
26-Feb-25,127.72,127.89,123.65,124.04,118.61,"7,714,200"
25-Feb-25,126.28,127.71,125.9,127.39,121.81,"6,404,300"
24-Feb-25,124.31,126.71,123.69,125.77,120.26,"8,772,900"
21-Feb-25,125.91,127,123.93,124.27,118.83,"9,052,900"
20-Feb-25,128.78,130.15,127.8,128.13,122.52,"6,195,900"
19-Feb-25,130,131.7,129.47,130.75,125.02,"3,893,500"
18-Feb-25,128,130.65,127.75,130.11,124.41,"4,901,600"
14-Feb-25,128.93,129.44,127.36,127.88,122.28,"4,549,000"
13-Feb-25,127.61,129.44,126.99,128.58,122.95,"5,325,900"
12-Feb-25,129.21,129.84,126.82,127.5,121.91,"6,429,000"
11-Feb-25,130.92,132.47,130.21,132.45,125.58,"4,782,600"
10-Feb-25,131.78,132.32,130.29,131.28,124.47,"4,003,500"
7-Feb-25,134.68,135,130.29,131.35,124.53,"5,756,700"
6-Feb-25,136.06,137.05,134.13,134.68,127.69,"4,289,200"
5-Feb-25,135.19,136.3,133.8,135.21,128.19,"4,908,700"
4-Feb-25,135,136.88,133.28,135.6,128.56,"4,376,200"
3-Feb-25,134.58,135.45,132.08,134.16,127.2,"6,330,500"
31-Jan-25,140.11,140.39,137.44,137.91,130.75,"4,056,400"
30-Jan-25,140.86,142.1,139.43,140.44,133.15,"2,792,000"
29-Jan-25,141.2,142.24,139.95,140.09,132.82,"3,279,200"
28-Jan-25,143,145.08,140.61,141.06,133.74,"4,141,500"
27-Jan-25,137.95,142.51,137.48,142.5,135.1,"5,331,600"
24-Jan-25,137.3,138.9,136.66,137.89,130.73,"5,868,200"
23-Jan-25,135.49,137.51,135.04,137.25,130.13,"6,788,900"
22-Jan-25,137.19,137.27,135.41,135.77,128.72,"4,012,400"
21-Jan-25,134.5,137.71,134.12,137.34,130.21,"4,848,900"
17-Jan-25,132.89,133.78,130.89,133.61,126.68,"6,892,500"
16-Jan-25,128.52,133.77,127.92,133.25,126.33,"9,900,600"
15-Jan-25,139.9,140.37,134.48,134.53,127.55,"5,132,600"
14-Jan-25,140.22,140.75,135.66,136.47,129.39,"4,635,500"
13-Jan-25,140.53,140.6,137.87,138.77,131.57,"4,061,900"
10-Jan-25,138.74,143,138.45,141.62,134.27,"5,882,800"
8-Jan-25,139,139.29,136.26,138.22,131.05,"4,663,400"
7-Jan-25,139.93,142.2,138.35,139.25,132.02,"4,166,100"
6-Jan-25,137.02,139.85,137.02,139.29,132.06,"4,937,900"
3-Jan-25,137.69,138.03,135.15,135.79,128.74,"4,025,200"
2-Jan-25,135.75,138.88,135.46,137.19,130.07,"4,358,300"
31-Dec-24,135.5,136.59,134.29,135.18,128.16,"2,830,200"
30-Dec-24,134.4,136.44,133.83,135.05,128.04,"3,945,600"
27-Dec-24,135.13,137.09,135,135.5,128.47,"3,089,000"
26-Dec-24,132.46,136.94,132.44,136.39,129.31,"5,042,000"
24-Dec-24,131.87,132.67,131.18,132.4,125.53,"1,647,700"
23-Dec-24,130.8,132.11,129.2,131.92,125.07,"4,097,800"
20-Dec-24,129.73,132.31,129.35,131.48,124.66,"7,189,100"
19-Dec-24,131,132,130.41,130.43,123.66,"5,262,100"
18-Dec-24,131.31,136.29,130.61,130.7,123.92,"6,602,400"
17-Dec-24,131.54,132.01,129.9,131.6,124.77,"5,793,000"
16-Dec-24,133.55,134.82,131.76,132.45,125.58,"5,503,800"
13-Dec-24,135.72,136.03,133.34,134.52,127.54,"4,261,200"
12-Dec-24,137.07,137.7,135.22,135.29,128.27,"3,860,200"
11-Dec-24,134.86,137.75,134.51,135.98,128.92,"4,811,900"
10-Dec-24,135.79,136.61,133.3,135.05,128.04,"5,575,500"
9-Dec-24,133.35,138.11,133,135.29,128.27,"9,619,300"
6-Dec-24,130,132.79,130,132.39,125.52,"7,284,100"
5-Dec-24,130.15,130.5,128.5,129.17,122.47,"6,858,600"
4-Dec-24,130.77,130.95,129.04,130.07,123.32,"6,051,300"
3-Dec-24,130.5,131.77,128.92,131.45,124.63,"8,163,900"
2-Dec-24,130.73,131.99,127.87,130.72,123.94,"14,195,600"
29-Nov-24,130.5,132.85,130.17,132.31,125.44,"5,023,500"
27-Nov-24,127.99,130.75,127.18,130.09,123.34,"6,745,200"
26-Nov-24,129.3,129.62,126.5,126.55,119.98,"9,888,200"
25-Nov-24,128.07,131.91,127.51,130.53,123.76,"15,456,500"
22-Nov-24,121.7,125.75,121.26,125.01,118.52,"13,730,100"
21-Nov-24,122.09,124.1,120.59,121.59,115.28,"19,616,700"
20-Nov-24,128,129.06,120.21,121.72,115.4,"64,557,700"
19-Nov-24,156.2,158.42,154.01,156,146.84,"9,170,500"
18-Nov-24,153,157.03,152.78,156.56,147.37,"6,503,000"
15-Nov-24,153.83,154.21,151.92,152.13,143.2,"3,888,700"
14-Nov-24,154.76,155.92,152.85,153.47,144.46,"4,075,100"
13-Nov-24,155.5,156.97,154.75,154.99,145.89,"3,624,500"
12-Nov-24,154.8,157.06,153.73,155.65,146.51,"5,082,100"
11-Nov-24,150,154.7,149.9,153.28,144.28,"3,541,700"
8-Nov-24,151.51,151.6,149.63,149.78,140.99,"3,323,600"
7-Nov-24,147.8,152.25,147.6,150.91,142.05,"4,862,000"
6-Nov-24,151.7,151.7,145.08,147.29,138.64,"7,506,600"
5-Nov-24,150.01,151.83,149.53,150.99,142.13,"2,692,300"
4-Nov-24,150.46,152.68,149.8,149.99,141.19,"3,289,500"
1-Nov-24,151.38,151.82,150.11,150.84,141.99,"2,452,800"
31-Oct-24,149.04,150.72,148.09,150.04,141.23,"3,229,500"
30-Oct-24,148,149.79,147.69,148.52,139.8,"2,520,500"
29-Oct-24,148.9,150.22,147.72,147.93,139.25,"2,881,500"
28-Oct-24,152.65,153.38,149.28,149.3,140.54,"2,523,700"
25-Oct-24,151.51,153.08,150.95,151.16,142.29,"4,082,200"
24-Oct-24,149.21,150.5,148.62,150.18,141.36,"3,060,300"
23-Oct-24,148.33,149.39,147.41,148.05,139.36,"3,962,000"
22-Oct-24,150.04,150.28,148.65,149.19,140.43,"2,815,000"
21-Oct-24,156,156.06,150.06,150.91,142.05,"4,455,200"
18-Oct-24,156.49,157.07,154.71,156.84,147.63,"2,988,700"
17-Oct-24,158.88,158.97,155.51,155.89,146.74,"2,879,700"
16-Oct-24,160.7,160.79,158.45,158.87,149.54,"3,124,500"
15-Oct-24,158.65,161.5,158.44,160.69,151.26,"2,987,800"
14-Oct-24,158.2,159.56,156.55,157.97,148.7,"2,534,300"
11-Oct-24,156.69,158.83,156.43,158.46,149.16,"3,594,100"
10-Oct-24,154.33,156.26,152.32,155.97,146.81,"3,139,100"
9-Oct-24,151.56,154.44,150.25,154.33,145.27,"3,514,300"
8-Oct-24,148.99,151.78,148.81,151.32,142.44,"3,224,100"
7-Oct-24,152.63,152.63,147.91,149,140.25,"3,301,400"
4-Oct-24,151.92,153.87,151.32,152.88,143.91,"3,557,100"
3-Oct-24,149.89,150,147.54,149.6,140.82,"4,790,100"
2-Oct-24,151.66,152.45,149.96,150.4,141.57,"2,795,000"
1-Oct-24,155.25,155.4,151.37,152.2,143.27,"3,994,400"
30-Sep-24,155.18,156.35,154.22,155.86,146.71,"2,934,400"
27-Sep-24,156.5,157.51,154.78,155.18,146.07,"3,067,200"
26-Sep-24,156.53,157.74,155.12,155.98,146.82,"2,757,900"
25-Sep-24,156.29,156.92,154.16,155.07,145.97,"2,319,900"
24-Sep-24,155.9,157.83,155.5,156.18,147.01,"3,114,000"
23-Sep-24,154.77,155.74,152.91,155.29,146.17,"2,927,700"
20-Sep-24,156.9,157.39,153.94,154.75,145.67,"7,389,800"
19-Sep-24,156.58,157.39,155,156.49,147.3,"5,098,800"
18-Sep-24,152.49,156.04,152.4,153.6,144.58,"3,269,500"
17-Sep-24,152.94,153.69,151.07,151.96,143.04,"3,162,300"
16-Sep-24,151.95,153.74,150.71,152.84,143.87,"3,429,200"
13-Sep-24,149.72,152.62,149.48,151.36,142.47,"3,592,300"
12-Sep-24,147.35,148.98,146.61,148.44,139.73,"3,453,500"
11-Sep-24,147.25,147.97,144.67,147.29,138.64,"4,089,500"
10-Sep-24,150.59,150.78,147.35,148.01,139.32,"4,103,200"
9-Sep-24,151.37,152.92,149.95,150.59,141.75,"3,735,200"
6-Sep-24,151.61,153.33,150.72,151.28,142.4,"4,045,100"
5-Sep-24,153.06,153.55,150.67,151.9,142.98,"3,358,900"
4-Sep-24,152.65,153.74,148.87,152.48,143.53,"3,841,000"
3-Sep-24,152.99,154.96,151.35,151.8,142.89,"4,071,000"
30-Aug-24,153.69,154.15,152.19,153.62,144.6,"3,933,200"
29-Aug-24,156.26,156.26,152.47,153.42,144.41,"3,879,500"
28-Aug-24,157.75,158.32,155.69,156.86,147.65,"2,666,500"
27-Aug-24,158.9,159.77,157.76,158.68,149.37,"3,252,300"
26-Aug-24,159.31,161.84,157.97,158.9,149.57,"3,655,200"
23-Aug-24,157.58,159.62,156.74,158.5,149.2,"3,188,300"
22-Aug-24,159.9,160.12,156.42,156.82,147.61,"7,452,400"
21-Aug-24,1.12’Dividend,,,,,
21-Aug-24,167.33,167.4,158.97,159.25,149.9,"25,572,100"
20-Aug-24,144.5,145.7,142.88,144.33,134.8,"6,815,100"
19-Aug-24,144.5,148.64,144.42,144.63,135.08,"4,427,000"
16-Aug-24,141.12,144.24,140.89,144.04,134.53,"3,473,900"
15-Aug-24,143.29,143.88,140.56,141.66,132.31,"4,640,600"
14-Aug-24,136.7,136.91,135.51,135.76,126.8,"4,838,000"
13-Aug-24,135.68,136.91,133.67,136.66,127.64,"3,319,800"
12-Aug-24,134.59,136.54,134.12,135.02,126.11,"3,695,600"
9-Aug-24,133.61,135.6,132.75,135.5,126.56,"3,778,100"
8-Aug-24,134.79,135.99,133.07,133.97,125.13,"3,894,000"
7-Aug-24,136.18,137.75,133.34,133.47,124.66,"3,209,700"
6-Aug-24,134.51,135.91,133.25,133.85,125.01,"5,005,500"
5-Aug-24,136,136.35,132.42,133.87,125.03,"6,887,700"
2-Aug-24,145.32,145.42,138.04,139.17,129.98,"6,476,500"
1-Aug-24,151.21,151.35,146.08,147.02,137.32,"3,782,400"
31-Jul-24,148.71,152.4,147.93,150.41,140.48,"5,743,700"
30-Jul-24,147.37,148.29,146.76,147.95,138.18,"2,379,200"
29-Jul-24,147.38,147.9,145.14,146.82,137.13,"2,487,000"
26-Jul-24,147.25,149.99,147.25,149,139.16,"2,427,000"
25-Jul-24,146.58,149.42,145.99,146.29,136.63,"3,019,700"
24-Jul-24,150.29,150.92,145.3,146.45,136.78,"3,029,500"
23-Jul-24,150.2,150.96,149.64,150.27,140.35,"1,622,400"
22-Jul-24,149.37,151.74,148.72,151.02,141.05,"3,692,800"
19-Jul-24,151.46,151.46,149.36,149.73,139.85,"3,187,000"
18-Jul-24,154.82,155.25,151.84,152.09,142.05,"2,927,400"
17-Jul-24,154.04,156.74,154.04,155.93,145.64,"3,353,700"
16-Jul-24,151.45,155.01,151.39,155.01,144.78,"3,391,800"
15-Jul-24,152.85,153.45,150.91,151.3,141.31,"3,645,900"
12-Jul-24,152.47,153.64,150.81,152.85,142.76,"2,675,700"
11-Jul-24,147,151.89,146.5,151.4,141.41,"4,727,800"
10-Jul-24,147.45,147.45,143.41,146.11,136.47,"4,105,700"
9-Jul-24,148,149.62,147.23,147.6,137.86,"2,848,400"
8-Jul-24,151.86,151.97,147.79,148.72,138.9,"5,183,800"
5-Jul-24,144.54,146.43,144.5,145.65,136.04,"3,562,200"
3-Jul-24,145.32,146.23,144.37,144.8,135.24,"1,633,300"
2-Jul-24,145.5,146.99,144.46,145.39,135.79,"3,296,400"
1-Jul-24,148.34,148.94,145.07,145.74,136.12,"2,638,900"
28-Jun-24,147.54,148.71,146.12,148.04,138.27,"12,772,300"
27-Jun-24,145.75,147,145.3,146.72,137.04,"2,273,600"
26-Jun-24,146.01,147.31,144.92,147.17,137.46,"2,447,000"
25-Jun-24,148.48,149.12,146.34,146.77,137.08,"3,336,500"
24-Jun-24,147,150.79,146.72,149.69,139.81,"3,933,000"
21-Jun-24,143.99,146.27,143.99,146.13,136.48,"5,651,600"
20-Jun-24,142.15,143.77,141.73,143.38,133.92,"2,628,700"
18-Jun-24,144.35,144.85,142.42,142.54,133.13,"2,969,500"
17-Jun-24,141.35,145.06,140.8,144.97,135.4,"5,006,300"
14-Jun-24,143.77,143.8,139.38,141.16,131.84,"5,019,700"
13-Jun-24,147.09,147.09,144.55,144.68,135.13,"3,470,600"
12-Jun-24,146.34,148.03,145.1,146.78,137.09,"3,064,300"
11-Jun-24,148.25,148.37,145.92,146.19,136.54,"3,592,400"
10-Jun-24,146.05,148.91,145.57,148.52,138.72,"3,051,600"
7-Jun-24,144.63,146.6,144.15,146,136.36,"3,110,800"
6-Jun-24,146.7,147.19,145.05,145.13,135.55,"4,682,900"
5-Jun-24,150.5,150.98,146.75,147.35,137.62,"5,746,100"
4-Jun-24,152.37,154.19,150.11,150.55,140.61,"4,683,700"
3-Jun-24,152.09,154.49,151.38,153.03,142.93,"4,162,500"
31-May-24,148.88,156.93,148.76,156.16,145.85,"7,501,000"
30-May-24,148.52,150.36,147.92,149.87,139.98,"4,238,000"
29-May-24,146.05,148.13,145.5,147.74,137.99,"3,038,500"
28-May-24,145,147.44,144.53,147.1,137.39,"4,344,300"
24-May-24,144.9,145.73,143.56,145.23,135.64,"3,550,300"
23-May-24,142.5,145.58,141.76,144.41,134.88,"6,661,100"
22-May-24,140.54,145.67,139.98,143.27,133.81,"18,724,000"
21-May-24,156.71,156.84,154.65,155.78,145.5,"6,291,000"
20-May-24,159.9,160.8,155.96,156.71,146.37,"4,429,200"
17-May-24,160.18,160.47,159.1,160.13,149.56,"4,005,500"
16-May-24,160.25,163.65,159.72,160.65,150.05,"5,232,900"
15-May-24,160.61,161.08,157.04,157.51,147.11,"2,563,700"
14-May-24,1.1’Dividend,,,,,
14-May-24,160.3,161.6,158.58,158.96,148.47,"2,707,900"
13-May-24,164.21,164.4,160.59,160.9,149.25,"2,629,000"
10-May-24,164.61,165.65,161.7,163.13,151.32,"2,414,100"
9-May-24,159.44,164.4,159.04,164.32,152.42,"2,538,000"
8-May-24,159,161.25,158.99,159.59,148.04,"2,678,300"
7-May-24,161.07,162.36,159.84,160.41,148.8,"3,492,500"
6-May-24,158.04,158.4,156.5,158.35,146.89,"3,314,500"
3-May-24,159,160.31,157.81,158.04,146.6,"3,802,200"
2-May-24,157.29,158.64,155.8,158.12,146.67,"3,880,000"
1-May-24,160.83,161.63,156.33,156.43,145.11,"4,378,000"
30-Apr-24,162.45,162.63,160.42,160.98,149.33,"3,534,400"
29-Apr-24,164.7,165.72,162.06,163.73,151.88,"2,698,500"
26-Apr-24,165.15,166.28,164.14,164.74,152.81,"2,085,500"
25-Apr-24,163.89,165.15,163.18,164.44,152.54,"3,141,700"
24-Apr-24,165.03,166.54,164.79,165.34,153.37,"2,631,400"
23-Apr-24,167.64,168.01,166.1,166.51,154.46,"1,890,300"
22-Apr-24,168.76,169.09,166.03,167.11,155.01,"2,155,500"
19-Apr-24,167.33,168.47,166.77,168.3,156.12,"3,377,100"
18-Apr-24,165.72,167.53,165.09,166.58,154.52,"3,169,500"
17-Apr-24,166.76,167.94,163.87,164.47,152.56,"3,700,200"
16-Apr-24,165.06,166,162.21,163.32,151.5,"3,450,600"
15-Apr-24,169.18,169.8,164.96,165.01,153.06,"5,075,400"
12-Apr-24,170.82,171.06,165.78,166.12,154.09,"3,551,700"
11-Apr-24,172.79,173.05,170.39,171.33,158.93,"2,247,900"
10-Apr-24,169.9,171.86,168.75,171.62,159.2,"2,148,700"
9-Apr-24,170,171.74,169.26,171.63,159.21,"1,846,600"
8-Apr-24,170.9,172.13,169.62,169.7,157.42,"2,122,900"
5-Apr-24,171.62,172.54,170.03,171.77,159.34,"2,334,000"
4-Apr-24,176.84,177.23,171.98,172.22,159.75,"3,614,400"
3-Apr-24,176.53,177.19,175.1,175.49,162.79,"3,033,900"
2-Apr-24,177.65,177.89,175.09,176.24,163.48,"3,022,100"
1-Apr-24,178.77,181.86,177.66,177.82,164.95,"3,917,400"
28-Mar-24,175,177.4,174.69,177.21,164.38,"3,716,200"
27-Mar-24,174.1,175.48,173.54,174.67,162.03,"4,747,100"
26-Mar-24,172.63,174.2,172.16,172.64,160.14,"3,512,900"
25-Mar-24,170,173.58,169.73,172.66,160.16,"4,262,600"
22-Mar-24,170,170.17,168.49,168.63,156.42,"2,443,600"
21-Mar-24,170.67,170.88,168.97,170.17,157.85,"2,624,300"
20-Mar-24,167.92,170.57,167.38,170.46,158.12,"2,969,700"
19-Mar-24,167.07,168.61,166.3,168.21,156.03,"2,290,500"
18-Mar-24,163.98,168.19,163.44,167.59,155.46,"3,189,600"
15-Mar-24,162.87,165.25,162.71,164.22,152.33,"5,074,900"
14-Mar-24,166.76,167.17,163.04,164.31,152.42,"3,365,900"
13-Mar-24,167.24,167.54,164.19,166.67,154.6,"5,546,300"
12-Mar-24,168.64,169.06,167.53,167.57,155.44,"2,292,100"
11-Mar-24,170.19,170.58,166.68,168.07,155.9,"3,142,400"
8-Mar-24,171.34,172.29,169.45,169.72,157.43,"3,362,600"
7-Mar-24,175,175.27,171.32,171.54,159.12,"3,644,700"
6-Mar-24,172.22,175.53,171.6,173.54,160.98,"8,955,200"
5-Mar-24,166.06,170.47,165.21,168.58,156.38,"22,986,800"
4-Mar-24,153.19,154.77,150.09,150.49,139.6,"9,096,100"
1-Mar-24,153.24,155.54,152,155.29,144.05,"4,285,500"
29-Feb-24,152.39,153.65,152,152.92,141.85,"4,447,800"
28-Feb-24,151.33,152.25,150.65,151.44,140.48,"2,298,300"
27-Feb-24,150.79,152.31,150.45,151.99,140.99,"2,851,700"
26-Feb-24,150.61,150.95,149.1,150.15,139.28,"3,856,900"
23-Feb-24,150.98,152.78,150.41,151.48,140.51,"3,503,600"
22-Feb-24,148.79,150.98,147.99,150.34,139.46,"2,503,800"
21-Feb-24,149.31,149.85,147.86,148.79,138.02,"2,306,900"
20-Feb-24,1.1’Dividend,,,,,
20-Feb-24,150,152.11,149.21,149.89,139.04,"3,474,400"
16-Feb-24,145.73,150.29,145.13,149.61,137.76,"4,319,900"
15-Feb-24,145.79,148.26,145.43,146.33,134.74,"2,807,600"
14-Feb-24,144.69,146.09,143.74,145.03,133.54,"2,986,400"
13-Feb-24,147.22,147.87,144.59,146.11,134.54,"3,061,800"
12-Feb-24,147.52,150.4,147.5,149.4,137.57,"3,492,600"
9-Feb-24,147.08,147.57,146.3,146.53,134.92,"2,792,400"
8-Feb-24,147.01,149.09,146.85,147.4,135.72,"2,946,900"
7-Feb-24,149,149,145.26,146.73,135.11,"3,979,600"
6-Feb-24,142.66,144.47,141.46,144.43,132.99,"2,873,200"
5-Feb-24,144.22,144.89,141.5,142.33,131.06,"4,697,400"
2-Feb-24,143.49,147.04,142.57,145.49,133.97,"3,775,800"
1-Feb-24,140.94,144.47,138.5,144.42,132.98,"3,613,900"
31-Jan-24,140.53,141.45,138.96,139.08,128.06,"5,804,400"
30-Jan-24,140.62,141.2,137.84,140.52,129.39,"2,879,500"
29-Jan-24,142.73,142.98,136.35,141.52,130.31,"4,879,000"
26-Jan-24,142.89,143,141.64,142.53,131.24,"3,014,800"
25-Jan-24,140.28,142.28,139.01,142.18,130.92,"2,566,500"
24-Jan-24,141.6,141.8,138.96,139.2,128.17,"2,845,900"
23-Jan-24,140.84,141.71,139.85,140.88,129.72,"2,806,800"
22-Jan-24,138.4,140.76,137.91,140.36,129.24,"2,778,700"
19-Jan-24,137.22,138.6,135.8,138.14,127.2,"3,592,600"
18-Jan-24,138.63,139.12,135.67,137.4,126.52,"4,160,700"
17-Jan-24,140.08,140.75,138.39,138.74,127.75,"3,566,300"
16-Jan-24,142.19,142.46,139.92,141.07,129.9,"3,482,400"
12-Jan-24,142.7,143.15,140.67,140.91,129.75,"2,236,400"
11-Jan-24,144.5,144.5,140.99,142.02,130.77,"3,215,300"
10-Jan-24,143.38,144.41,142.92,144.09,132.68,"2,777,400"
9-Jan-24,141,143.97,140.53,143.77,132.38,"3,664,400"
8-Jan-24,140.2,141.99,139.56,141.73,130.5,"3,563,300"
5-Jan-24,139.32,141.95,139.32,140.75,129.6,"2,745,300"
4-Jan-24,138.86,140.93,137.7,140.25,129.14,"3,903,000"
3-Jan-24,142.36,142.97,138.33,138.67,127.69,"4,662,100"
2-Jan-24,142.19,144.2,141.58,143.1,131.76,"3,601,500"
29-Dec-23,142.02,143.37,141.72,142.42,131.14,"2,517,400"
28-Dec-23,142.06,143.11,142,142.54,131.25,"2,146,700"
27-Dec-23,140.93,142.73,140.61,142.38,131.1,"2,806,400"
26-Dec-23,140,141.44,139.29,141.03,129.86,"2,237,700"
22-Dec-23,139.44,140.42,138.63,140.2,129.09,"3,223,100"
21-Dec-23,137.95,139.64,137.29,139.37,128.33,"3,980,200"
20-Dec-23,138.73,138.87,136.55,136.9,126.06,"3,711,700"
19-Dec-23,138,139.7,137.9,139.58,128.52,"2,834,600"
18-Dec-23,139,139.15,137.4,137.72,126.81,"3,117,000"
15-Dec-23,141.1,141.6,138.21,138.37,127.41,"5,680,200"
14-Dec-23,139.7,142.2,139.45,141.14,129.96,"4,636,400"
13-Dec-23,136,138.42,134.7,138.38,127.42,"3,531,700"
12-Dec-23,136.91,136.91,135.23,135.66,124.91,"3,352,100"
11-Dec-23,136.11,136.95,135.49,136.76,125.93,"3,571,700"
8-Dec-23,135.23,136.4,135.1,135.19,124.48,"2,880,800"
7-Dec-23,134.6,135.82,134.13,135.19,124.48,"3,939,200"
6-Dec-23,133.24,133.99,132.29,133.38,122.81,"3,894,200"
5-Dec-23,133.32,133.86,132.5,132.88,122.35,"2,997,800"
4-Dec-23,134.22,136.24,133.19,133.71,123.12,"7,625,100"
1-Dec-23,133.4,134.95,132.51,134.78,124.1,"4,594,800"
30-Nov-23,132.21,133.96,130.39,133.81,123.21,"5,759,500"
29-Nov-23,131.96,133.1,131.17,131.32,120.92,"2,918,900"
28-Nov-23,131.33,131.8,130.22,131.67,121.24,"3,804,900"
27-Nov-23,131.15,132.35,130.25,131.33,120.93,"3,736,700"
24-Nov-23,130.5,131.47,129.76,131.46,121.05,"1,863,100"
22-Nov-23,130.5,132.36,129.89,130.5,120.16,"3,587,900"
21-Nov-23,130.22,130.87,128.71,130.8,120.44,"4,057,900"
20-Nov-23,129.35,130.23,128.37,129.65,119.38,"5,810,200"
17-Nov-23,130.38,131.09,128.9,129.89,119.6,"5,982,500"
16-Nov-23,127.26,130.81,127.19,129.94,119.65,"12,033,200"
15-Nov-23,126.08,131.53,124.88,130.46,120.13,"32,230,800"
14-Nov-23,1.1’Dividend,,,,,
14-Nov-23,108.25,112.31,108.08,110.79,102.01,"7,656,100"
13-Nov-23,108.72,108.83,107.13,107.3,97.79,"4,016,000"
10-Nov-23,107.11,108.63,105.23,108.33,98.73,"6,235,800"
9-Nov-23,110.31,110.31,106.33,106.79,97.32,"5,604,600"
8-Nov-23,111.04,111.94,109.3,109.85,100.11,"4,514,000"
7-Nov-23,110.83,112.67,110.8,111.35,101.48,"2,859,100"
6-Nov-23,113.29,113.44,110.92,111.05,101.21,"3,696,200"
3-Nov-23,112.2,114.21,112.08,112.85,102.85,"4,341,100"
2-Nov-23,110.24,111.83,108.92,111.07,101.22,"3,817,800"
1-Nov-23,111.08,111.08,108.61,109.54,99.83,"3,081,500"
31-Oct-23,108.88,111.28,108.46,110.79,100.97,"5,549,400"
30-Oct-23,107.76,109.1,106.6,108.67,99.04,"3,852,700"
27-Oct-23,110.52,111.1,106.89,107.23,97.72,"3,448,200"
26-Oct-23,110.2,111.91,109.99,110.87,101.04,"3,092,400"
25-Oct-23,108.43,111.08,107.92,110.36,100.58,"4,123,200"
24-Oct-23,107.67,109.23,107.31,108.68,99.05,"2,518,100"
23-Oct-23,108.09,108.45,106.66,107.42,97.9,"3,189,800"
20-Oct-23,108.25,110.24,107.7,108.83,99.18,"4,215,700"
19-Oct-23,110.22,110.9,108.33,108.36,98.75,"4,249,500"
18-Oct-23,111.94,111.97,109.93,110.21,100.44,"2,940,800"
17-Oct-23,111.18,113.18,110.75,112.56,102.58,"3,387,900"
16-Oct-23,112.56,112.79,109.79,111.39,101.52,"3,872,700"
13-Oct-23,111.21,112.23,110.01,111.98,102.05,"4,651,400"
12-Oct-23,112.99,113,109.51,110.8,100.98,"6,497,300"
11-Oct-23,110.12,110.41,106.93,108.99,99.33,"3,977,400"
10-Oct-23,106.45,111.16,106.21,109.63,99.91,"6,791,800"
9-Oct-23,105.24,106.12,103.74,105.76,96.38,"4,819,900"
6-Oct-23,104.75,106.27,102.93,105.01,95.7,"7,556,900"
5-Oct-23,105.87,106.7,104.63,105.15,95.83,"4,749,300"
4-Oct-23,108.4,108.4,105.75,106.62,97.17,"5,523,100"
3-Oct-23,106.18,108.59,106.18,107.16,97.66,"5,370,300"
2-Oct-23,110.35,110.39,105.75,106.69,97.23,"6,121,300"
29-Sep-23,110.37,111.65,109.88,110.57,100.77,"4,738,100"
28-Sep-23,109.54,110.48,108.15,109.56,99.85,"4,676,500"
27-Sep-23,109.38,110.64,108.49,109.74,100.01,"4,498,100"
26-Sep-23,111.36,112.39,109.12,109.48,99.77,"6,022,200"
25-Sep-23,112.11,112.75,110.53,112.26,102.31,"5,353,300"
22-Sep-23,116.97,117.37,112.54,112.6,102.62,"6,593,700"
21-Sep-23,119.55,120.34,116.88,117.32,106.92,"4,133,200"
20-Sep-23,120.58,121.54,120.07,120.41,109.74,"3,263,500"
19-Sep-23,119.46,120.79,118.95,120.17,109.52,"4,056,200"
18-Sep-23,122.92,122.92,118.55,119.34,108.76,"5,415,200"
15-Sep-23,124.76,125.1,122.72,123.05,112.14,"4,919,800"
14-Sep-23,123.6,124.96,122.81,124.77,113.71,"3,760,900"
13-Sep-23,122.74,123.68,122.49,122.93,112.03,"2,541,500"
12-Sep-23,122.9,123.48,122.25,122.4,111.55,"2,930,600"
11-Sep-23,124.35,124.61,122.54,122.67,111.8,"2,613,100"
8-Sep-23,124.36,124.73,122.53,123.69,112.72,"2,923,200"
7-Sep-23,123.85,124.88,123.52,124.46,113.43,"3,267,200"
6-Sep-23,125.19,125.47,123.13,123.71,112.74,"3,562,100"
5-Sep-23,125.42,127.47,125,125.19,114.09,"3,427,300"
1-Sep-23,127.55,127.7,125.15,125.52,114.39,"2,997,100"
31-Aug-23,126.35,127.7,125.84,126.55,115.33,"4,234,600"
30-Aug-23,125.77,127.35,125.37,126.95,115.7,"3,276,700"
29-Aug-23,123.82,127.66,123.77,126.16,114.98,"5,267,400"
28-Aug-23,121.93,123.73,121.44,123.43,112.49,"5,116,600"
25-Aug-23,124,124.1,120.75,121.79,110.99,"7,279,700"
24-Aug-23,122.62,124.44,122.12,124.1,113.1,"4,308,100"
23-Aug-23,124.32,125.39,122.79,123.21,112.29,"4,797,500"
22-Aug-23,125.52,126.07,122.64,124.94,113.86,"8,791,100"
21-Aug-23,130.49,131.75,127.43,127.79,116.46,"5,928,600"
18-Aug-23,129.61,132.42,129.06,131.21,119.58,"5,755,800"
17-Aug-23,128.54,132.85,128.43,130.11,118.58,"8,659,600"
16-Aug-23,135,135.25,127.53,128.75,117.34,"23,754,400"
15-Aug-23,1.1’Dividend,,,,,
15-Aug-23,127.95,129.32,124.96,125.05,113.96,"9,416,500"
14-Aug-23,130.73,131.82,128.87,129.42,116.94,"4,425,100"
11-Aug-23,130.03,131.69,130.02,131.05,118.42,"3,804,000"
10-Aug-23,131.25,132.51,130.52,130.92,118.3,"4,375,600"
9-Aug-23,131.35,132.07,130.26,130.6,118.01,"2,761,200"
8-Aug-23,130.62,131.21,129.35,130.98,118.35,"4,359,100"
7-Aug-23,133.02,133.7,131.34,131.94,119.22,"3,036,700"
4-Aug-23,133.8,134.62,131.97,132.53,119.75,"3,481,500"
3-Aug-23,133.23,134.04,132.6,132.73,119.94,"3,723,100"
2-Aug-23,132.2,134.09,131.82,133.54,120.67,"3,562,700"
1-Aug-23,136.33,136.54,132.95,132.99,120.17,"4,060,700"
31-Jul-23,135.26,136.89,135.26,136.47,123.31,"6,055,300"
28-Jul-23,135.85,136.74,134.81,135,121.99,"2,957,500"
27-Jul-23,135.33,138.28,134.5,134.5,121.53,"5,538,800"
26-Jul-23,132.76,135.54,132.46,134.47,121.51,"5,180,100"
25-Jul-23,135.09,135.83,133.34,133.6,120.72,"3,849,400"
24-Jul-23,134.32,135.6,133.83,135.41,122.36,"2,622,600"
21-Jul-23,135.13,136.36,133.6,134.08,121.15,"4,034,200"
20-Jul-23,133.13,135.29,132.48,134.64,121.66,"4,174,700"
19-Jul-23,131.5,132.93,130.88,132.7,119.91,"3,229,200"
18-Jul-23,130.35,131.97,129.04,130.81,118.2,"3,786,400"
17-Jul-23,130.8,130.83,128.55,130.01,117.48,"4,731,500"
14-Jul-23,132.09,132.68,130.66,130.92,118.3,"4,124,300"
13-Jul-23,133.37,134.3,132.69,132.82,120.02,"3,077,400"
12-Jul-23,134.85,135.41,132.84,132.91,120.1,"3,758,300"
11-Jul-23,132.04,134.3,131.37,133.39,120.53,"4,089,200"
10-Jul-23,130.28,131.86,130.28,131.74,119.04,"3,831,300"
7-Jul-23,130.5,132.22,129.86,130.05,117.51,"4,256,800"
6-Jul-23,131.88,132.97,130.43,130.84,118.23,"4,882,300"
5-Jul-23,134.24,134.49,132.49,132.55,119.77,"5,186,900"
3-Jul-23,131.59,135.32,131.59,134.86,121.86,"4,134,600"
30-Jun-23,133.81,133.85,131.13,131.9,119.19,"7,316,200"
29-Jun-23,132.48,134.06,131.77,132.91,120.1,"6,055,200"
28-Jun-23,132.7,133.38,131.88,132.47,119.7,"4,601,900"
27-Jun-23,133.2,134.84,132.41,132.51,119.74,"6,047,600"
26-Jun-23,132.35,135.46,132.34,134.5,121.53,"4,831,100"
23-Jun-23,131.01,132.41,130.32,131.83,119.12,"6,975,500"
22-Jun-23,133.44,133.76,131.43,132.39,119.63,"4,620,600"
21-Jun-23,132.36,133.98,131.33,133.22,120.38,"3,845,500"
20-Jun-23,133.12,133.29,131.42,132.72,119.93,"5,355,200"
16-Jun-23,138.06,138.06,133.64,133.81,120.91,"9,903,000"
15-Jun-23,135.11,138.08,134.6,137.84,124.55,"10,063,100"
14-Jun-23,129.2,134.53,127.93,133.23,120.39,"14,968,700"
13-Jun-23,127.5,129.4,126.74,128.72,116.31,"6,916,300"
12-Jun-23,127.3,127.39,125.08,126.48,114.29,"8,248,400"
9-Jun-23,129.5,130.6,126.95,126.99,114.75,"9,404,100"
8-Jun-23,131.5,132.77,130.22,131.27,118.62,"6,162,000"
7-Jun-23,132.03,132.31,131.01,131.75,119.05,"5,504,400"
6-Jun-23,130.1,132.96,129.93,132.7,119.91,"6,065,200"
5-Jun-23,131.67,132.51,129.72,130.6,118.01,"7,702,900"
2-Jun-23,131.24,133.28,130.56,133.22,120.38,"7,594,000"
1-Jun-23,128.6,132.03,126.75,131.16,118.52,"13,678,400"
31-May-23,134.24,135.26,130.63,130.93,118.31,"20,234,400"
30-May-23,138.22,138.89,133.58,133.84,120.94,"10,931,900"
26-May-23,140.31,140.48,137.21,138.93,125.54,"8,100,400"
25-May-23,142.18,142.2,138.65,140.75,127.18,"7,409,500"
24-May-23,145.8,145.89,142.13,143.1,129.31,"6,738,300"
23-May-23,150.33,151.33,146.94,147.16,132.97,"4,374,100"
22-May-23,151,152.74,149.77,151.91,137.27,"3,717,000"
19-May-23,154.9,155.27,150.93,152.28,137.6,"4,456,000"
18-May-23,160.87,161.62,153.25,154.18,139.32,"7,881,600"
17-May-23,155.8,162.84,155.12,160.96,145.44,"8,387,700"
16-May-23,1.08’Dividend,,,,,
16-May-23,157.38,160.85,154.7,156.91,141.78,"5,805,900"
15-May-23,157.97,160.79,157.4,160.57,144.12,"4,055,200"
12-May-23,157.8,159.3,156.03,157.99,141.8,"3,361,600"
11-May-23,157.38,159.31,156.54,158.87,142.59,"2,832,000"
10-May-23,158.18,159.3,155.02,157.73,141.57,"2,804,800"
9-May-23,155.7,157.86,155.42,157.42,141.29,"1,886,000"
8-May-23,156.48,157.79,155.65,156.5,140.46,"1,495,200"
5-May-23,154.49,157.77,154.17,156.3,140.28,"2,187,200"
4-May-23,154.18,154.5,150.87,152.53,136.9,"2,653,600"
3-May-23,155.32,158.62,154.34,154.57,138.73,"2,385,700"
2-May-23,156.55,156.8,153.57,155.72,139.76,"2,277,400"
1-May-23,157.68,158.75,156.34,157.12,141.02,"1,964,500"
28-Apr-23,158.65,159.66,155.95,157.75,141.58,"3,432,900"
27-Apr-23,156.23,158.6,155.13,158.15,141.94,"3,037,900"
26-Apr-23,156.95,158.61,154.79,155.45,139.52,"3,077,400"
25-Apr-23,163.95,164.11,157.33,157.61,141.46,"2,723,300"
24-Apr-23,162.31,164.2,162.31,163.94,147.14,"2,313,100"
21-Apr-23,161.32,164.53,160.94,162.18,145.56,"2,743,600"
20-Apr-23,160.92,162.49,159.78,160.28,143.86,"2,809,900"
19-Apr-23,160.75,162.85,160.21,162.51,145.86,"2,183,700"
18-Apr-23,162.95,163.03,161.99,162.4,145.76,"2,195,400"
17-Apr-23,161.51,163.08,161.24,162.7,146.03,"2,566,500"
14-Apr-23,163,165.47,159.89,161,144.5,"2,370,100"
13-Apr-23,164.04,164.94,161.7,163.27,146.54,"2,464,600"
12-Apr-23,170.46,170.77,163.19,163.51,146.75,"3,900,300"
11-Apr-23,169.71,171.24,169.38,169.58,152.2,"2,155,500"
10-Apr-23,165.08,169.68,164.59,169,151.68,"2,724,400"
6-Apr-23,162.57,165.84,160.68,165.58,148.61,"2,552,900"
5-Apr-23,165.8,166.99,164.06,165.24,148.31,"2,762,100"
4-Apr-23,165.71,167.02,164.95,166.05,149.03,"2,350,500"
3-Apr-23,166.4,167.96,165.33,166.06,149.04,"2,744,400"
31-Mar-23,161.5,165.83,160.95,165.63,148.66,"3,094,100"
30-Mar-23,159.8,161.41,159.67,160.27,143.85,"2,237,400"
29-Mar-23,160.89,161,155.92,158.11,141.91,"4,219,400"
28-Mar-23,159.05,161.26,158.1,159.77,143.4,"2,910,600"
27-Mar-23,157.34,160.04,156.48,159.38,143.05,"3,078,700"
24-Mar-23,154.72,156.57,152.68,156.22,140.21,"2,703,700"
23-Mar-23,158.75,159.24,154.45,156.12,140.12,"2,791,700"
22-Mar-23,162.9,163.11,157.37,157.47,141.33,"2,909,900"
21-Mar-23,164.23,164.77,161.48,162.71,146.04,"2,497,200"
20-Mar-23,159.37,163.37,159.26,163.24,146.51,"2,875,800"
17-Mar-23,162.73,163.46,158.29,159.36,143.03,"13,175,000"
16-Mar-23,157.55,163.24,157.23,163.05,146.34,"2,510,100"
15-Mar-23,156.33,159.86,156.1,159.13,142.82,"2,633,900"
14-Mar-23,159.77,160.32,156.55,158.37,142.14,"2,574,200"
13-Mar-23,156.32,160.73,156.23,157.92,141.74,"2,342,500"
10-Mar-23,160.27,161.87,157.51,158.18,141.97,"2,754,200"
9-Mar-23,164.31,164.7,160.47,160.64,144.18,"1,872,200"
8-Mar-23,162.9,163.73,162.17,163.51,146.75,"1,752,700"
7-Mar-23,165.83,166.62,162.58,162.82,146.13,"2,410,800"
6-Mar-23,166.59,166.76,164.52,165.2,148.27,"2,220,900"
3-Mar-23,166.15,166.21,164.32,166,148.99,"2,318,600"
2-Mar-23,161.21,165.99,160.95,165.94,148.94,"2,829,200"
1-Mar-23,168.16,168.4,160.8,162.4,145.76,"5,835,700"
28-Feb-23,168.73,172.67,167.1,168.5,151.23,"10,669,300"
27-Feb-23,168.67,169.87,165.48,166.81,149.72,"5,245,000"
24-Feb-23,164.08,167.43,163,166.96,149.85,"2,888,800"
23-Feb-23,165.9,165.9,161.87,165.5,148.54,"2,718,500"
22-Feb-23,165.6,169.3,165.2,165.72,148.74,"2,941,000"
21-Feb-23,169.52,170.99,166.17,166.22,149.19,"4,133,600"
17-Feb-23,173.35,173.52,170.89,173.22,155.47,"2,678,100"
16-Feb-23,174.2,177.29,173.77,174.54,156.65,"2,318,700"
15-Feb-23,170.01,176.29,169.95,176.02,157.98,"2,954,400"
14-Feb-23,1.08’Dividend,,,,,
14-Feb-23,171.55,172.98,168.84,171.17,153.63,"2,418,400"
13-Feb-23,170.99,173.5,170.33,173.32,154.59,"2,432,600"
10-Feb-23,170.32,171.2,168.79,170.02,151.65,"1,841,400"
9-Feb-23,172.7,174.02,170.56,171.37,152.85,"1,656,100"
8-Feb-23,173.52,173.97,171.51,171.79,153.22,"2,037,000"
7-Feb-23,173.55,175.44,171.94,174.76,155.87,"2,256,700"
6-Feb-23,174.69,175.38,171.72,173.84,155.05,"2,642,700"
3-Feb-23,177.27,179.07,175.2,176.76,157.66,"2,941,600"
2-Feb-23,177.71,181.7,176.9,181.02,161.46,"4,003,800"
1-Feb-23,172.11,177.68,169.91,177.08,157.94,"4,022,200"
31-Jan-23,168.12,172.22,168.12,172.14,153.54,"3,716,000"
30-Jan-23,167,169.59,165.74,168.68,150.45,"3,453,500"
27-Jan-23,168,170.32,166.79,168.51,150.3,"3,850,300"
26-Jan-23,165.7,167.1,164.48,167.03,148.98,"2,079,100"
25-Jan-23,162.5,164.21,160.64,164.21,146.46,"2,248,200"
24-Jan-23,169.82,169.82,163.26,163.55,145.88,"1,902,000"
23-Jan-23,162.21,165.49,161.35,164.63,146.84,"2,371,400"
20-Jan-23,159.63,162.75,158.5,162.21,144.68,"3,122,000"
19-Jan-23,159.5,160.61,157.53,159.1,141.91,"2,881,300"
18-Jan-23,163.41,165.19,160.63,160.83,143.45,"2,798,100"
17-Jan-23,164.49,165.69,162.07,162.1,144.58,"3,527,900"
13-Jan-23,159.32,164.93,159.13,164.6,146.81,"5,161,200"
12-Jan-23,160,160.25,156.48,159.75,142.49,"3,222,600"
11-Jan-23,157.15,159,155.9,158.97,141.79,"3,146,800"
10-Jan-23,157.42,157.54,154.84,155.97,139.11,"2,554,900"
9-Jan-23,159.88,160.37,156.34,156.35,139.45,"3,853,800"
6-Jan-23,157.65,161.06,156.88,160.15,142.84,"4,944,200"
5-Jan-23,152.21,154.51,150.29,154.26,137.59,"3,266,000"
4-Jan-23,148.26,154.32,147.68,152.72,136.22,"4,443,300"
3-Jan-23,149.98,152.64,149.58,151.73,135.33,"3,685,200"
30-Dec-22,147.23,149.08,146.8,149.04,132.93,"2,391,100"
29-Dec-22,146.97,149.66,146.88,148.37,132.34,"2,829,000"
28-Dec-22,145.31,147.22,144.85,145.8,130.04,"2,623,200"
27-Dec-22,143,146.28,142.4,145.55,129.82,"3,112,500"
23-Dec-22,140.86,143.27,139.88,143.15,127.68,"2,464,800"
22-Dec-22,141.5,141.71,139.68,141.35,126.07,"3,846,500"
21-Dec-22,142.26,144.19,141.97,142.3,126.92,"3,510,200"
20-Dec-22,142.9,143.96,142.45,143.25,127.77,"3,175,400"
19-Dec-22,146.6,147,143.56,144.65,129.02,"4,186,700"
16-Dec-22,146.05,147.66,145.55,146.45,130.62,"8,367,000"
15-Dec-22,149.86,150,145.32,147.6,131.65,"5,415,500"
14-Dec-22,150.5,154.65,150.14,152.51,136.03,"3,749,100"
13-Dec-22,153.2,154.1,149.7,150.87,134.57,"4,178,900"
12-Dec-22,150.5,150.68,148.43,150.03,133.82,"4,433,800"
9-Dec-22,153.41,154.72,152.12,152.28,135.82,"2,905,900"
8-Dec-22,154.04,155.26,153.17,154.21,137.54,"3,107,100"
7-Dec-22,153.5,155.69,153.39,153.76,137.14,"3,685,200"
6-Dec-22,155.82,156.68,153.28,155.05,138.29,"4,721,800"
5-Dec-22,162.89,162.89,154.79,154.93,138.19,"6,233,200"
2-Dec-22,163.31,164.86,162.45,164.16,146.42,"3,442,900"
1-Dec-22,166.47,167.43,163.05,165.03,147.2,"4,989,200"
30-Nov-22,165.88,167.23,162.74,167.07,149.01,"11,376,700"
29-Nov-22,164.43,166.97,161.51,166.37,148.39,"5,231,700"
28-Nov-22,162.81,166.89,162.81,165.37,147.5,"4,624,100"
25-Nov-22,163.5,163.96,161.6,163.38,145.72,"1,883,000"
23-Nov-22,158.48,164.14,158.25,163.41,145.75,"4,833,500"
22-Nov-22,158.79,159.91,155.75,157.86,140.8,"6,364,100"
21-Nov-22,161.08,161.93,156.77,158.02,140.94,"5,964,700"
18-Nov-22,161.98,164.7,160,162.88,145.28,"7,280,900"
17-Nov-22,153.48,162.18,152.72,162.01,144.5,"11,300,500"
16-Nov-22,149.85,158.49,148.75,155.47,138.67,"36,731,500"
15-Nov-22,1.08’Dividend,,,,,
15-Nov-22,177,180.46,176.9,178.98,159.64,"8,606,000"
14-Nov-22,172.64,176.8,172.35,173.26,153.57,"5,753,800"
11-Nov-22,165.12,174.83,164.95,173.32,153.63,"5,828,300"
10-Nov-22,158.94,164.55,158.39,164.38,145.7,"4,962,900"
9-Nov-22,161.08,161.59,152.5,152.99,135.61,"4,018,400"
8-Nov-22,161.32,164.66,159.81,161.62,143.26,"3,284,600"
7-Nov-22,161.24,161.41,158,159.87,141.7,"2,424,100"
4-Nov-22,162.41,162.75,156.26,159.63,141.49,"2,653,500"
3-Nov-22,157.98,160.79,157.75,159.8,141.64,"3,041,600"
2-Nov-22,164.58,165.89,160.08,160.2,142,"3,377,900"
1-Nov-22,166.44,166.98,162.57,164.59,145.89,"3,051,000"
31-Oct-22,166,167.36,164.02,164.25,145.59,"3,792,500"
28-Oct-22,166.26,167.94,163.04,167.52,148.48,"3,066,800"
27-Oct-22,168.22,170.3,166.8,166.9,147.94,"2,957,400"
26-Oct-22,167.84,170.75,165.32,166.77,147.82,"3,453,500"
25-Oct-22,162.8,166.31,161.99,165.8,146.96,"4,177,900"
24-Oct-22,160.3,162.9,159.63,161.82,143.43,"2,974,100"
21-Oct-22,154.54,159.26,154.3,159.19,141.1,"3,508,300"
20-Oct-22,155.98,159.16,153.42,154.4,136.86,"3,079,800"
19-Oct-22,157.19,158.19,154.13,155.39,137.73,"2,611,500"
18-Oct-22,155.53,161.13,155.01,157.23,139.36,"5,563,400"
17-Oct-22,147.74,151,146.68,149.25,132.29,"3,177,400"
14-Oct-22,154.48,155.19,145.19,145.69,129.14,"4,762,800"
13-Oct-22,151.21,156.06,148.87,154.12,136.61,"3,393,900"
12-Oct-22,154.74,157,154.04,154.16,136.64,"2,265,100"
11-Oct-22,153.5,157.72,152.71,154.5,136.94,"2,408,100"
10-Oct-22,152.98,153.88,150.48,153.1,135.7,"2,055,800"
7-Oct-22,154.34,154.52,150.72,152.34,135.03,"2,771,900"
6-Oct-22,157.46,159,155.48,155.75,138.05,"2,603,400"
5-Oct-22,155,157.55,153.41,156.41,138.64,"2,491,700"
4-Oct-22,154.7,158.29,154.34,156.96,139.12,"3,028,600"
3-Oct-22,149.67,152.62,148.39,151.79,134.54,"2,847,500"
30-Sep-22,151.59,152.23,145.5,148.39,131.53,"4,328,300"
29-Sep-22,154.2,154.75,150.9,151.79,134.54,"3,170,400"
28-Sep-22,149.54,156.95,149.31,155.87,138.16,"4,254,000"
27-Sep-22,150.47,152.26,146.86,148.47,131.6,"2,941,400"
26-Sep-22,151.56,152.51,147.37,148.71,131.81,"3,967,800"
23-Sep-22,151.95,152.78,149.71,152.61,135.27,"3,796,600"
22-Sep-22,158.24,158.43,152.64,152.96,135.58,"3,984,700"
21-Sep-22,161,163.82,159.03,159.03,140.96,"2,809,500"
20-Sep-22,163.3,163.75,158.22,160.03,141.85,"3,019,600"
19-Sep-22,163,165.09,162.03,164.76,146.04,"2,607,200"
16-Sep-22,162.73,165.64,161.71,164.09,145.44,"4,843,500"
15-Sep-22,165.45,168.99,164.7,165.01,146.26,"2,909,300"
14-Sep-22,167.86,168.88,163.4,165.38,146.59,"3,618,800"
13-Sep-22,170.05,171.75,165.69,166.24,147.35,"3,585,400"
12-Sep-22,175.11,176.13,173.14,173.85,154.1,"3,024,600"
9-Sep-22,171.75,174.57,171.54,173.65,153.92,"3,379,500"
8-Sep-22,169.07,172.21,168.72,171.9,152.37,"2,817,100"
7-Sep-22,163.22,171.72,162.78,170.79,151.38,"5,206,400"
6-Sep-22,164.51,164.79,159.33,163.58,144.99,"4,530,300"
2-Sep-22,165.51,166.34,163.29,164.6,145.9,"3,563,200"
1-Sep-22,159.29,164.9,158.1,164.84,146.11,"4,021,400"
31-Aug-22,161.25,161.31,158.26,160.34,142.12,"4,901,300"
30-Aug-22,158.7,161.09,157.18,160.78,142.51,"3,249,700"
29-Aug-22,159.25,160.45,158.16,158.69,140.66,"2,531,100"
26-Aug-22,168.01,168.12,160.6,160.62,142.37,"3,607,600"
25-Aug-22,162.63,167.55,161.6,167.5,148.47,"3,071,400"
24-Aug-22,162.07,164.54,159.72,163.13,144.59,"3,407,100"
23-Aug-22,161.94,162.82,160.15,161.97,143.57,"3,795,100"
22-Aug-22,165.07,165.98,161.36,161.96,143.56,"4,630,100"
19-Aug-22,171.83,171.92,166.79,167.04,148.06,"5,015,800"
18-Aug-22,173.98,175.14,171.58,173.05,153.39,"4,241,300"
17-Aug-22,174.16,177.99,170.83,175.34,155.42,"13,409,000"
16-Aug-22,1.08’Dividend,,,,,
16-Aug-22,177.11,183.89,175.56,180.19,159.72,"9,057,600"
15-Aug-22,171.83,174.16,170.2,173.39,152.73,"3,788,600"
12-Aug-22,171.07,172.49,170.05,172.48,151.93,"2,357,300"
11-Aug-22,171.07,172.99,168.88,169.6,149.39,"4,278,800"
10-Aug-22,169.04,172.93,167.75,169.67,149.45,"4,539,900"
9-Aug-22,165.77,166.08,163.91,165.12,145.45,"2,608,600"
8-Aug-22,166.66,170.99,166.43,166.97,147.08,"2,806,400"
5-Aug-22,165.05,166.9,164.4,166.13,146.34,"2,205,400"
4-Aug-22,167.63,168.5,165.73,166.56,146.71,"3,157,600"
3-Aug-22,164.38,169.65,164.38,167.92,147.91,"4,057,000"
2-Aug-22,164.52,166.33,163.29,163.48,144,"3,109,400"
1-Aug-22,168.64,169.11,165.35,165.55,145.82,"4,534,700"
29-Jul-22,160,164.04,158.53,163.38,143.91,"5,523,000"
28-Jul-22,155.1,160.06,154.67,159.42,140.43,"3,114,000"
27-Jul-22,153,155.84,150.8,154.6,136.18,"3,609,300"
26-Jul-22,149.73,152.62,149.5,151.81,133.72,"4,620,000"
25-Jul-22,158.4,158.48,156.61,157.49,138.73,"2,328,000"
22-Jul-22,159.35,160.79,156.63,157.74,138.95,"2,779,800"
21-Jul-22,156.48,158.75,154.99,158.66,139.76,"3,105,200"
20-Jul-22,153.8,156.61,152.21,156.5,137.85,"3,248,100"
19-Jul-22,151.35,153.54,149.76,153.36,135.09,"3,155,900"
18-Jul-22,148.55,152.78,147.78,149.36,131.56,"4,362,700"
15-Jul-22,147.92,148.68,145.85,146.67,129.19,"3,831,500"
14-Jul-22,143.54,146.55,142.92,146.29,128.86,"2,976,000"
13-Jul-22,142.66,147.33,142.23,145.44,128.11,"2,769,000"
12-Jul-22,146.66,149.66,143.6,144.56,127.34,"3,132,800"
11-Jul-22,147.99,148.71,145.79,146.39,128.95,"2,050,800"
8-Jul-22,149.89,150.03,147.46,147.99,130.36,"2,544,900"
7-Jul-22,145.78,150.13,145.24,149.96,132.09,"3,959,500"
6-Jul-22,145.46,146.08,143.03,144.81,127.56,"2,828,500"
5-Jul-22,141.41,146.06,139.3,145.71,128.35,"3,715,100"
1-Jul-22,140.76,142.5,139.5,142.38,125.42,"3,010,200"
30-Jun-22,140.18,143.23,137.16,141.23,124.4,"5,899,900"
29-Jun-22,144.21,144.49,141.32,141.9,124.99,"4,238,900"
28-Jun-22,150.44,151.31,144.33,144.52,127.3,"4,131,800"
27-Jun-22,151.16,151.93,148.03,149.61,131.78,"3,607,200"
24-Jun-22,147.17,151,146.48,150.42,132.5,"6,993,100"
23-Jun-22,141.82,147.3,140.83,146.81,129.32,"5,211,100"
22-Jun-22,143.19,144.32,140.24,140.81,124.03,"4,639,700"
21-Jun-22,141.55,145.7,140.85,144.7,127.46,"6,555,500"
17-Jun-22,141.08,141.8,138.58,139.3,122.7,"10,928,100"
16-Jun-22,144.92,147.08,142.01,142.89,125.86,"5,630,300"
15-Jun-22,142.52,149.27,142.11,147.44,129.87,"6,353,100"
14-Jun-22,144.88,146.43,141.29,142.7,125.7,"5,200,800"
13-Jun-22,146.53,147.39,143.87,144.81,127.56,"5,886,000"
10-Jun-22,151.51,152.72,149.63,149.67,131.84,"5,099,600"
9-Jun-22,156.75,158.29,154.49,154.55,136.14,"5,744,300"
8-Jun-22,154.43,159.63,153.35,156.7,138.03,"6,576,000"
7-Jun-22,148,157.95,147.15,155.98,137.4,"33,299,700"
6-Jun-22,161.4,162.05,158.75,159.67,140.65,"3,772,300"
3-Jun-22,159.19,162.86,159,161.04,141.85,"4,187,700"
2-Jun-22,156.56,161.06,156.08,160.91,141.74,"4,366,000"
1-Jun-22,161.88,163.16,156.48,156.52,137.87,"4,480,900"
31-May-22,166.51,166.79,161.43,161.88,142.59,"8,942,100"
27-May-22,163.24,167.2,163.2,167.14,147.23,"6,315,500"
26-May-22,157.98,163.33,157.85,163.2,143.75,"7,369,700"
25-May-22,150.24,156.98,149.52,156.42,137.78,"8,107,700"
24-May-22,151.58,152.09,145.51,149.95,132.08,"10,936,600"
23-May-22,154.99,156.11,153.28,153.9,135.56,"7,700,100"
20-May-22,153.62,155.8,150.89,155.36,136.85,"12,300,200"
19-May-22,161.27,161.43,151.28,153.43,135.15,"23,319,000"
18-May-22,163.07,168,155.2,161.61,142.35,"50,936,800"
17-May-22,0.9’Dividend,,,,,
17-May-22,210.63,215.58,209.13,215.28,189.63,"6,641,600"
16-May-22,220.11,221.65,216.27,219.25,192.33,"3,345,600"
13-May-22,219.99,223.3,217.81,219.73,192.75,"3,146,700"
12-May-22,213.36,220.82,213.06,217.27,190.6,"3,547,400"
11-May-22,219.4,220.92,212.38,213.49,187.28,"3,193,600"
10-May-22,226.59,228.75,216.69,219.11,192.21,"3,748,000"
9-May-22,223.2,228.18,222.32,224.2,196.68,"4,672,300"
6-May-22,225.85,229.66,222.65,225.21,197.56,"3,683,300"
5-May-22,235.61,235.86,228.3,230.76,202.43,"3,466,500"
4-May-22,231.85,238.59,229.14,237.43,208.28,"3,256,300"
3-May-22,231.04,234.49,229.5,232.54,203.99,"3,027,600"
2-May-22,230.15,233,225.16,229.78,201.57,"3,049,000"
29-Apr-22,234.49,235.83,228.21,228.65,200.58,"3,220,700"
28-Apr-22,234.43,237.62,230.78,236.39,207.37,"2,317,800"
27-Apr-22,236.45,237.53,230.47,230.97,202.61,"2,995,300"
26-Apr-22,239.56,242.5,236.41,236.5,207.47,"2,915,500"
25-Apr-22,239.99,242.92,238.27,241.66,211.99,"3,265,100"
22-Apr-22,246.55,247.2,241.43,241.68,212.01,"3,431,300"
21-Apr-22,250.85,254.87,247.61,248.17,217.7,"3,967,700"
20-Apr-22,248.62,250.97,246.44,249.32,218.71,"3,735,500"
19-Apr-22,240.31,247.2,239.47,246.05,215.84,"4,715,700"
18-Apr-22,235.54,241.26,235.08,239.39,210,"3,341,800"
14-Apr-22,233.91,238.19,233.11,237.2,208.08,"3,909,700"
13-Apr-22,230.3,235.19,229.51,233.82,205.12,"2,451,300"
12-Apr-22,232.3,235.41,230.39,231.34,202.94,"3,366,600"
11-Apr-22,233.26,235.96,228.91,229.31,201.16,"3,172,200"
8-Apr-22,233,236.07,230.62,233.34,204.69,"6,631,200"
7-Apr-22,219,229.81,218.43,228.19,200.18,"7,938,100"
6-Apr-22,211.67,217.09,211,215.94,189.43,"3,678,500"
5-Apr-22,213.49,218.37,213.18,214.79,188.42,"2,538,500"
4-Apr-22,210.19,214.61,206.19,214.41,188.09,"3,167,000"
1-Apr-22,213.32,214.13,209.61,210.54,184.69,"3,217,100"
31-Mar-22,218.33,220.2,212.06,212.22,186.17,"4,615,500"
30-Mar-22,221.67,223.69,220.63,221.96,194.71,"2,464,900"
29-Mar-22,222,224.57,220.2,222.93,195.56,"3,072,200"
28-Mar-22,218.06,219.52,216.45,219.52,192.57,"2,212,000"
25-Mar-22,218.05,219.93,216.33,218.61,191.77,"2,465,700"
24-Mar-22,217.03,218.71,216.16,217.04,190.4,"2,240,400"
23-Mar-22,222.27,222.73,215.94,216.72,190.11,"2,993,500"
22-Mar-22,223.71,224.63,221.75,222.77,195.42,"2,464,000"
21-Mar-22,226.03,228.46,221.32,223,195.62,"3,023,500"
18-Mar-22,218.89,226.14,218.08,226.05,198.3,"6,544,800"
17-Mar-22,215,220.9,214.48,220.63,193.54,"3,655,400"
16-Mar-22,216.93,218.7,211.74,215.59,189.12,"3,029,800"
15-Mar-22,210.51,216.2,210.51,215.35,188.91,"2,866,700"
14-Mar-22,208.21,210.91,204.95,208.76,183.13,"3,168,500"
11-Mar-22,215.66,216.53,206.8,206.97,181.56,"4,042,600"
10-Mar-22,213.6,215.48,210.08,214.78,188.41,"3,155,300"
9-Mar-22,213.72,218.42,213.44,216,189.48,"3,183,200"
8-Mar-22,211.23,213.91,206.7,208.81,183.18,"4,463,200"
7-Mar-22,224.1,224.61,210.57,211.04,185.13,"5,743,400"
4-Mar-22,222.73,225.09,221.64,224.1,196.59,"3,996,100"
3-Mar-22,226.12,229.19,222.37,223.84,196.36,"4,604,600"
2-Mar-22,222,226.12,218.66,224.9,197.29,"6,357,700"
1-Mar-22,226.83,227.1,218.55,219.43,192.49,"15,776,100"
28-Feb-22,197.36,201.18,195.84,199.77,175.25,"6,192,200"
25-Feb-22,191.51,199.5,191.32,199.22,174.76,"4,098,500"
24-Feb-22,184.49,191.76,184,191.55,168.03,"3,917,700"
23-Feb-22,196.9,197.87,189.61,189.9,166.59,"4,471,300"
22-Feb-22,202.63,203.18,194.5,196.35,172.25,"5,621,300"
18-Feb-22,204.52,206.63,203.48,204.39,179.3,"3,321,700"
17-Feb-22,206.59,206.95,203.87,204,178.96,"3,865,900"
16-Feb-22,206.88,208.85,204.8,207.81,182.3,"3,340,600"
15-Feb-22,0.9’Dividend,,,,,
15-Feb-22,209.32,209.32,205.8,207.18,181.75,"4,739,300"
14-Feb-22,211.19,211.5,205.71,208.57,182.18,"4,066,700"
11-Feb-22,214.16,214.75,210.79,211.56,184.79,"2,852,400"
10-Feb-22,214.38,217.5,212.71,213.84,186.78,"3,038,100"
9-Feb-22,214.99,217.18,214.05,216.64,189.22,"2,562,700"
8-Feb-22,211.08,214.66,210.65,212.95,186,"2,926,600"
7-Feb-22,214.73,215.16,210.3,211.29,184.55,"4,402,800"
4-Feb-22,214.12,215.5,210.54,214.04,186.95,"3,754,700"
3-Feb-22,214.25,218.32,212.57,213.22,186.24,"6,357,800"
2-Feb-22,218.26,220.09,215.33,217.61,190.07,"4,588,500"
1-Feb-22,221.99,222.52,216.33,219.23,191.49,"4,117,400"
31-Jan-22,216.91,220.73,216.33,220.43,192.53,"4,151,100"
28-Jan-22,214.29,217.79,210.52,217.67,190.12,"2,906,200"
27-Jan-22,215.33,217.32,211.39,212.18,185.33,"4,004,300"
26-Jan-22,215.62,217.17,210.38,211.71,184.92,"4,207,500"
25-Jan-22,218.36,218.68,212.91,214.68,187.51,"4,929,100"
24-Jan-22,215.39,221.03,211.92,220.58,192.67,"5,617,700"
21-Jan-22,220,220.89,214.22,217.25,189.76,"7,859,300"
20-Jan-22,225.02,229.31,221.14,221.72,193.66,"4,307,900"
19-Jan-22,221.75,228.3,220.64,223.84,195.51,"4,091,200"
18-Jan-22,218.78,220.95,217.28,220.01,192.17,"4,652,500"
14-Jan-22,222.42,224.3,218.39,221.4,193.38,"5,282,600"
13-Jan-22,225.28,226.8,223.75,225.83,197.25,"3,459,000"
12-Jan-22,228.19,230.14,224.1,224.47,196.06,"4,233,300"
11-Jan-22,228.09,228.71,224,227.55,198.75,"3,048,900"
10-Jan-22,228.53,228.64,223.02,227.42,198.64,"4,858,100"
7-Jan-22,230.18,233.2,229.1,230.78,201.57,"3,052,900"
6-Jan-22,222.74,232.66,222.74,231.35,202.07,"4,193,200"
5-Jan-22,234.81,236.33,228.77,228.86,199.9,"3,885,800"
4-Jan-22,232.01,235.64,231.57,234.17,204.54,"3,327,600"
3-Jan-22,231.07,232.28,228.76,231.95,202.6,"3,018,000"
31-Dec-21,232.77,233.62,229.22,231.44,202.15,"2,485,100"
30-Dec-21,228.8,233.87,228.8,231.91,202.56,"4,007,400"
29-Dec-21,225.37,229.57,225.37,227.92,199.08,"3,065,800"
28-Dec-21,224.45,227.5,223.64,224.91,196.45,"3,202,400"
27-Dec-21,222.1,224.69,220.86,224.1,195.74,"4,335,600"
23-Dec-21,218.55,222.14,218.29,221.01,193.04,"3,345,300"
22-Dec-21,219.8,221.28,217,217.74,190.18,"4,182,600"
21-Dec-21,219.88,220.78,216.48,220.07,192.22,"3,975,700"
20-Dec-21,221.03,221.5,214.6,219.19,191.45,"5,233,200"
17-Dec-21,224.83,226.29,221.47,223.31,195.05,"5,832,300"
16-Dec-21,235.96,236.65,224.49,224.78,196.33,"7,302,100"
15-Dec-21,233.6,236.82,231.55,236.65,206.7,"3,433,500"
14-Dec-21,230.91,236.16,230.91,235.28,205.51,"3,364,800"
13-Dec-21,237.92,238.52,232.4,234.17,204.54,"3,783,500"
10-Dec-21,237.16,239.75,236.69,238.18,208.04,"2,487,200"
9-Dec-21,239.11,239.7,235.83,237.56,207.5,"2,762,200"
8-Dec-21,246.74,247.33,238.2,239.6,209.28,"4,929,400"
7-Dec-21,244.63,246.23,243.67,245.63,214.55,"3,565,900"
6-Dec-21,248.46,248.85,242.32,242.97,212.22,"3,772,600"
3-Dec-21,246.73,248.41,245.31,247.57,216.24,"4,838,700"
2-Dec-21,241.89,246.62,241.39,245.5,214.43,"3,684,000"
1-Dec-21,245.68,248.4,240.23,240.39,209.97,"3,851,600"
30-Nov-21,246.36,246.99,242.24,243.84,212.98,"7,907,900"
29-Nov-21,248.54,251.58,247.01,249.16,217.63,"3,027,600"
26-Nov-21,248.69,251.46,245.78,246.57,215.37,"3,180,900"
24-Nov-21,247.9,249.62,246.12,248.76,217.28,"3,052,000"
23-Nov-21,245.65,249.72,243.43,249.18,217.65,"4,053,400"
22-Nov-21,251.43,251.68,241.21,244.57,213.62,"5,568,900"
19-Nov-21,251.1,253.88,250.41,250.7,218.97,"3,960,900"
18-Nov-21,256.09,256.64,249.65,252.05,220.15,"5,786,300"
17-Nov-21,253.99,257.17,251.47,253.8,221.68,"11,855,900"
16-Nov-21,0.9’Dividend,,,,,
16-Nov-21,263,267.53,262.74,266.39,232.68,"4,355,800"
15-Nov-21,262.79,268.98,261.4,264.33,230.09,"4,852,400"
12-Nov-21,257.38,261.87,256.68,260.02,226.34,"2,497,600"
11-Nov-21,254.27,256.58,253.7,256.01,222.85,"2,199,400"
10-Nov-21,254.03,256,252.65,254.05,221.14,"2,093,100"
9-Nov-21,252.78,255.42,252.57,255.16,222.11,"2,346,800"
8-Nov-21,253.25,256.1,252.03,253.33,220.52,"2,523,100"
5-Nov-21,261,261.24,252.81,254.27,221.34,"4,060,300"
4-Nov-21,260.66,262.51,259.42,260.44,226.71,"3,031,000"
3-Nov-21,258.7,260.65,256.72,260.41,226.68,"2,397,300"
2-Nov-21,259.03,261.2,258.54,260.26,226.55,"2,228,000"
1-Nov-21,261.55,261.8,257.49,257.92,224.51,"1,718,100"
29-Oct-21,256.51,259.78,256.51,259.62,225.99,"2,417,800"
28-Oct-21,258.26,260.15,257.53,258.22,224.77,"1,735,200"
27-Oct-21,258.94,259.39,255.72,256.54,223.31,"2,269,700"
26-Oct-21,261.4,261.51,257.51,258.73,225.22,"2,439,700"
25-Oct-21,256.82,261,256.1,260.35,226.63,"2,488,400"
22-Oct-21,255.48,257.41,254.59,255.93,222.78,"2,205,700"
21-Oct-21,251.62,254.24,251.4,254.21,221.28,"1,758,400"
20-Oct-21,254.31,254.74,251.31,251.83,219.21,"2,209,300"
19-Oct-21,254.53,256.95,251.8,252.19,219.53,"3,204,800"
18-Oct-21,244.95,253.74,244.54,253.65,220.8,"4,365,800"
15-Oct-21,243.3,247.35,242.15,245.71,213.88,"3,626,900"
14-Oct-21,238.8,243.8,236.23,242.09,210.73,"4,281,700"
13-Oct-21,231.5,236.77,230.52,236.75,206.09,"3,984,700"
12-Oct-21,230,231.4,228.5,230.24,200.42,"2,167,400"
11-Oct-21,228.57,231.25,228.34,228.72,199.1,"1,998,600"
8-Oct-21,230.05,231.72,228.32,228.9,199.25,"2,004,900"
7-Oct-21,228.55,231.5,228.4,229.82,200.05,"2,352,000"
6-Oct-21,226.15,227.54,224.78,226.83,197.45,"2,789,100"
5-Oct-21,227.06,229.51,225.66,227.56,198.09,"2,407,300"
4-Oct-21,227.93,229,222.88,225.89,196.63,"3,816,400"
1-Oct-21,229.25,229.49,223.85,228.42,198.83,"3,476,400"
30-Sep-21,235.88,235.88,228.13,228.77,199.14,"5,425,400"
29-Sep-21,234.57,237.62,233.81,235.85,205.3,"2,655,500"
28-Sep-21,236.9,237.36,232.86,233.44,203.2,"3,173,900"
27-Sep-21,240.25,242.34,237.87,238.58,207.68,"2,588,400"
24-Sep-21,241.33,242.81,240.38,241.44,210.17,"1,901,400"
23-Sep-21,243.5,245.17,242.44,242.67,211.24,"2,038,600"
22-Sep-21,242.37,243.38,239.72,241.77,210.45,"2,285,900"
21-Sep-21,242.84,245.06,241.24,241.31,210.05,"1,960,300"
20-Sep-21,243.48,246.17,239.56,242.14,210.78,"3,329,100"
17-Sep-21,245.45,248.53,245.45,246.67,214.72,"3,735,900"
16-Sep-21,245.23,247.5,244.75,246.95,214.96,"2,171,400"
15-Sep-21,242.33,244.86,241.8,244.14,212.52,"1,953,000"
14-Sep-21,243.39,244.41,241.78,242.24,210.86,"1,905,800"
13-Sep-21,245.5,246.25,241.6,243.1,211.61,"2,872,000"
10-Sep-21,247.21,247.7,244.19,244.54,212.87,"1,945,600"
9-Sep-21,245.97,247.32,244.62,245.44,213.65,"2,474,600"
8-Sep-21,242.73,246.19,242.39,246.11,214.23,"2,843,300"
7-Sep-21,243.92,244.59,241.59,242.72,211.28,"2,725,200"
3-Sep-21,245.09,245.18,243,244.31,212.67,"3,351,700"
2-Sep-21,246.33,246.96,245.15,245.81,213.97,"2,523,300"
1-Sep-21,247,247.55,244.26,246.37,214.46,"2,862,700"
31-Aug-21,249.15,249.6,245.42,246.98,214.99,"3,966,000"
30-Aug-21,249.21,251.38,249.15,249.36,217.06,"2,092,700"
27-Aug-21,248.15,250.47,247.68,249.18,216.91,"2,661,100"
26-Aug-21,250.43,250.51,247.3,248.96,216.71,"2,919,900"
25-Aug-21,250.5,252.26,249.41,251.15,218.62,"2,438,100"
24-Aug-21,253.5,253.5,250.28,250.65,218.18,"2,466,600"
23-Aug-21,254.26,255.22,252.34,252.53,219.82,"2,952,900"
20-Aug-21,246.67,253.98,246.62,253.4,220.58,"4,146,100"
19-Aug-21,244.53,249.53,244.4,245.41,213.62,"5,067,600"
18-Aug-21,248.99,255.79,246.25,247.58,215.51,"8,908,000"
17-Aug-21,0.9’Dividend,,,,,
17-Aug-21,260.45,260.45,252.05,254.65,221.67,"6,620,500"
16-Aug-21,260.09,263.49,256.75,263.15,228.28,"3,397,400"
13-Aug-21,262.69,263.7,260.62,261.54,226.89,"3,070,400"
12-Aug-21,263.95,264.6,261.05,261.88,227.18,"2,266,400"
11-Aug-21,264.55,267.06,262.45,263.01,228.16,"2,939,000"
10-Aug-21,262.97,265.75,262.01,264.07,229.08,"3,369,800"
9-Aug-21,260.1,262.79,260.08,262.41,227.64,"2,508,800"
6-Aug-21,261.93,262.99,259.34,260.09,225.63,"2,441,900"
5-Aug-21,261.77,262.71,259.98,261.4,226.76,"2,202,900"
4-Aug-21,261.2,262.89,260.24,260.53,226.01,"2,397,200"
3-Aug-21,258.11,263.3,257.96,262.2,227.46,"2,545,000"
2-Aug-21,262.08,262.31,254.8,257.24,223.16,"3,174,900"
30-Jul-21,260.74,263.46,258.73,261.05,226.46,"2,806,600"
29-Jul-21,258.19,261.84,257.38,261.66,226.99,"3,055,000"
28-Jul-21,257.29,258.86,256.38,257.42,223.31,"2,810,500"
27-Jul-21,260,260.26,255.69,258.36,224.13,"3,036,100"
26-Jul-21,260.88,262.38,259.09,260.86,226.3,"2,338,000"
23-Jul-21,257.78,261.11,257.53,261.03,226.44,"2,016,900"
22-Jul-21,257.4,257.79,254.98,257.01,222.96,"2,472,200"
21-Jul-21,255.25,256.43,254.3,256.05,222.12,"2,262,500"
20-Jul-21,251.1,256.38,249.69,254.71,220.96,"2,805,200"
19-Jul-21,249.78,251.82,248.54,251.12,217.85,"3,187,300"
16-Jul-21,253.9,254.05,250.86,251.15,217.87,"3,415,900"
15-Jul-21,253.7,254.53,252.03,252.93,219.42,"2,646,200"
14-Jul-21,252.6,254.05,251.61,253.63,220.02,"2,578,700"
13-Jul-21,250.5,253.44,250.5,251.75,218.39,"2,392,900"
12-Jul-21,249.5,252.47,249.12,252.24,218.82,"3,056,900"
9-Jul-21,248.68,250.75,247.38,248.58,215.64,"2,702,500"
8-Jul-21,245.32,248.96,245.05,248.58,215.64,"2,292,700"
7-Jul-21,245.61,248.4,245.53,247.55,214.75,"2,035,800"
6-Jul-21,246.5,247.34,242.95,245.45,212.93,"2,305,000"
2-Jul-21,244.5,246.98,244.21,246.58,213.91,"2,178,900"
1-Jul-21,241.96,243.53,241.13,243.47,211.21,"2,125,300"
30-Jun-21,241.79,242.95,240.8,241.74,209.71,"2,773,200"
29-Jun-21,241.26,243.46,241.01,241.85,209.8,"2,089,600"
28-Jun-21,240.9,242.24,239.78,241.26,209.29,"2,062,900"
25-Jun-21,240.01,241.74,239.79,240.55,208.68,"5,987,500"
24-Jun-21,239.44,239.87,238.32,239.84,208.06,"2,141,900"
23-Jun-21,236.87,237.97,235.84,237.31,205.87,"2,246,400"
22-Jun-21,234.49,237.86,233.88,237.21,205.78,"2,901,400"
21-Jun-21,231.41,234.04,231.25,233.77,202.8,"3,049,700"
18-Jun-21,229.86,231.37,228.01,230.53,199.98,"4,481,400"
17-Jun-21,230.55,232.93,229.83,231.22,200.58,"2,826,600"
16-Jun-21,232.7,233,229.56,231.26,200.62,"2,767,600"
15-Jun-21,233.01,233.01,230.75,232.57,201.75,"2,518,000"
14-Jun-21,233.16,233.5,231.55,233.07,202.19,"2,904,200"
11-Jun-21,231.79,232.98,231.79,232.94,202.08,"2,510,200"
10-Jun-21,231.66,233.7,231.4,231.66,200.96,"2,579,400"
9-Jun-21,234.6,236.8,231.89,231.94,201.21,"3,372,900"
8-Jun-21,234.27,236.36,232.55,235.1,203.95,"3,441,700"
7-Jun-21,231.5,232.66,230.39,230.89,200.3,"2,221,700"
4-Jun-21,230.2,231.61,228.71,231.34,200.69,"3,085,100"
3-Jun-21,228.34,230.23,227.01,229.18,198.81,"3,155,400"
2-Jun-21,226.41,229.14,226.15,228.38,198.12,"3,331,400"
1-Jun-21,227.56,228.79,226.05,227.27,197.16,"3,426,400"
28-May-21,228,228.35,226.18,226.92,196.85,"2,632,400"
27-May-21,227.93,228.84,226.05,227.37,197.24,"6,623,100"
26-May-21,226.17,227.95,225.99,227.11,197.02,"3,186,800"
25-May-21,225.55,227.27,223.26,225.3,195.45,"4,103,000"
24-May-21,226.34,228.5,225.33,225.41,195.54,"3,821,000"
21-May-21,222.21,227.08,221.86,225.09,195.27,"5,084,800"
20-May-21,218.28,222.8,217.07,221.79,192.4,"7,086,300"
19-May-21,210.31,219.82,209.8,219.01,189.99,"13,378,700"
18-May-21,0.68’Dividend,,,,,
18-May-21,211.21,211.68,206.21,206.43,179.08,"4,794,900"
17-May-21,212.84,213.64,209.36,210.02,181.6,"2,583,700"
14-May-21,210.21,212.26,209.43,211.16,182.59,"2,650,300"
13-May-21,204.22,210.13,203.89,208.61,180.38,"3,132,300"
12-May-21,207.96,208.68,202.76,202.96,175.5,"3,857,300"
11-May-21,212.52,212.76,206.95,209.24,180.93,"3,297,100"
10-May-21,215.51,217.39,213.72,214.03,185.07,"3,092,700"
7-May-21,213.29,215.39,212.81,214.71,185.66,"2,298,500"
6-May-21,213.66,213.92,211.94,213,184.18,"2,226,000"
5-May-21,212.65,213.66,211.68,212.41,183.67,"2,509,000"
4-May-21,209.61,211.84,209.1,211.61,182.98,"2,203,300"
3-May-21,209.18,212.82,208.82,211.28,182.69,"2,249,700"
30-Apr-21,206.21,208.15,205.98,207.26,179.22,"1,802,000"
29-Apr-21,206.12,208.41,205.77,207.38,179.32,"1,884,900"
28-Apr-21,203.93,205.25,203.44,204.46,176.79,"1,598,800"
27-Apr-21,204.22,205.33,203.31,204.36,176.71,"2,260,000"
26-Apr-21,205.86,206.02,202.85,203.63,176.08,"2,675,700"
23-Apr-21,205.94,206.8,203.92,206.01,178.13,"2,444,600"
22-Apr-21,207.28,207.65,203.64,205.57,177.75,"2,499,300"
21-Apr-21,207.24,208.41,206.3,206.77,178.79,"2,836,900"
20-Apr-21,208.91,209.49,206.43,207.27,179.22,"2,089,800"
19-Apr-21,209.49,210.86,208.25,208.65,180.42,"2,924,500"
16-Apr-21,206,209.49,205.83,208.55,180.33,"4,342,300"
15-Apr-21,206.02,206.21,203.53,205.76,177.92,"3,370,300"
14-Apr-21,204.28,206,203.03,205.71,177.88,"2,171,300"
13-Apr-21,205.56,206,203.51,204.94,177.21,"2,393,400"
12-Apr-21,205.28,206.35,203.48,205.1,177.35,"3,191,300"
9-Apr-21,204,205.67,203.54,205.36,177.57,"2,900,500"
8-Apr-21,204.35,204.81,202.42,203.46,175.93,"3,032,600"
7-Apr-21,205.75,206,204.08,204.45,176.79,"2,100,400"
6-Apr-21,204.4,207.38,202.95,205.43,177.63,"2,494,900"
5-Apr-21,202,205.8,202,205.35,177.56,"2,833,000"
1-Apr-21,198.14,201.47,196.36,200.72,173.56,"2,730,200"
31-Mar-21,200.04,201.33,198.03,198.07,171.27,"3,556,600"
30-Mar-21,198.08,201.36,197.61,199.65,172.64,"2,810,800"
29-Mar-21,200.09,201.96,197.51,198.21,171.39,"3,231,800"
26-Mar-21,194.3,201.23,194.03,200.95,173.76,"6,046,100"
25-Mar-21,188.09,193.37,187.67,192.7,166.63,"3,444,700"
24-Mar-21,188.91,189.46,187.38,188.28,162.8,"2,489,700"
23-Mar-21,187.77,190.79,187.43,188.92,163.36,"2,920,200"
22-Mar-21,187.1,190.38,186.74,188.04,162.6,"3,952,200"
19-Mar-21,179.89,188.3,179.63,187.55,162.17,"7,745,200"
18-Mar-21,177.24,181.15,176.68,179.61,155.31,"2,859,300"
17-Mar-21,179.51,179.66,177.87,178.4,154.26,"2,929,300"
16-Mar-21,179.96,180.69,178.12,180.21,155.83,"3,437,300"
15-Mar-21,180.44,181.79,178.57,181.1,156.6,"3,453,100"
12-Mar-21,179.9,180.35,178.56,180.01,155.65,"2,441,900"
11-Mar-21,179.15,180.09,177.4,179.32,155.06,"3,045,200"
10-Mar-21,179.97,181.63,178.09,178.58,154.42,"3,314,800"
9-Mar-21,178.32,180.74,177.2,179.18,154.94,"3,752,400"
8-Mar-21,175.27,178.47,173.6,176.87,152.94,"4,558,600"
5-Mar-21,170.28,174.98,167.05,172.61,149.25,"6,008,100"
