Date,Open,High,Low,Close ,Adj Close ,Volume
5-Mar-26,125.33,125.68,121.65,122.63,122.63,"14,968,755"
4-Mar-26,127.11,128.17,126.24,127.81,127.81,"16,420,500"
3-Mar-26,126.52,128.37,125.67,127.91,127.91,"16,480,400"
2-Mar-26,127.46,128.75,127.05,127.1,127.1,"17,091,500"
27-Feb-26,125.52,128.6,125.15,127.95,127.95,"29,205,500"
26-Feb-26,125.98,127.33,123.94,124.42,124.42,"18,638,300"
25-Feb-26,126.61,127.4,125.42,125.75,125.75,"17,345,700"
24-Feb-26,125.9,128.04,124.91,126.75,126.75,"20,161,200"
23-Feb-26,123.52,126.8,122.96,125.81,125.81,"25,662,800"
20-Feb-26,123,123.48,121.05,122.99,122.99,"35,151,000"
19-Feb-26,128.5,130.1,124.4,124.87,124.87,"42,993,300"
18-Feb-26,128.13,128.87,125.77,126.62,126.62,"36,485,000"
17-Feb-26,133.11,134.69,128.16,128.85,128.85,"37,995,900"
13-Feb-26,132.7,134.65,131.75,133.89,133.89,"24,131,200"
12-Feb-26,129.38,134.49,129.31,133.64,133.64,"33,382,700"
11-Feb-26,126.7,129.74,126.63,128.77,128.77,"19,232,100"
10-Feb-26,128.94,129.34,126.39,126.7,126.7,"24,662,000"
9-Feb-26,131.42,131.79,128.09,129.02,129.02,"27,197,300"
6-Feb-26,127.29,131.7,127.05,131.18,131.18,"26,593,400"
5-Feb-26,128.58,129.6,126.56,126.94,126.94,"30,517,800"
4-Feb-26,128.13,129.41,127.09,128,128,"27,531,800"
3-Feb-26,123.65,128.17,123.65,127.71,127.71,"32,018,700"
2-Feb-26,119.5,124.2,119.05,124.06,124.06,"31,210,100"
30-Jan-26,116.91,119.41,116.6,119.14,119.14,"22,215,400"
29-Jan-26,116.45,117.66,116.07,117.41,117.41,"16,381,100"
28-Jan-26,116.64,117.46,115.87,116.57,116.57,"16,342,000"
27-Jan-26,117.5,117.63,115.48,116.94,116.94,"22,968,600"
26-Jan-26,117.81,118.85,117.39,117.64,117.64,"19,552,200"
23-Jan-26,118.17,118.61,117.14,117.73,117.73,"20,806,900"
22-Jan-26,119.29,119.52,117.65,117.83,117.83,"24,547,300"
21-Jan-26,118.08,120.49,117.55,119.36,119.36,"34,811,700"
20-Jan-26,120.89,121.62,117.61,118.71,118.71,"45,334,000"
16-Jan-26,118.67,120.6,116.9,119.7,119.7,"415,144,600"
15-Jan-26,119.98,120.87,118.73,119.2,119.2,"34,559,400"
14-Jan-26,120.19,121.24,119.03,120.04,120.04,"32,764,000"
13-Jan-26,117.89,120.51,117.73,120.36,120.36,"31,222,100"
12-Jan-26,117.5,118.84,116.41,117.97,117.97,"49,182,100"
9-Jan-26,112.26,115.46,112.26,114.53,114.53,"21,902,900"
8-Jan-26,111.29,113.47,109.81,113.07,113.07,"24,058,300"
7-Jan-26,114.19,114.73,112.1,112.72,112.72,"23,306,000"
6-Jan-26,112.4,114.79,111.99,114.34,114.34,"20,120,800"
5-Jan-26,112.82,113.73,112.15,112.71,112.71,"19,557,600"
2-Jan-26,111.43,112.79,111.12,112.76,112.76,"14,306,600"
31-Dec-25,111.73,112.25,111.32,111.41,111.41,"11,487,400"
30-Dec-25,111.89,112.69,111.84,111.92,111.92,"11,730,600"
29-Dec-25,111.59,112.78,111.57,112.53,112.53,"12,979,600"
26-Dec-25,111.72,111.97,111.36,111.74,111.74,"9,003,800"
24-Dec-25,110.9,111.71,110.55,111.61,111.61,"9,009,600"
23-Dec-25,111.99,112.35,110.7,110.9,110.9,"20,319,900"
22-Dec-25,114.01,114.32,112.22,112.6,112.6,"21,473,900"
19-Dec-25,115.14,115.28,113.53,114.36,114.36,"50,043,800"
18-Dec-25,115.01,116.48,114.61,114.83,114.83,"21,476,700"
17-Dec-25,115.2,116.39,115.07,115.66,115.66,"16,177,800"
16-Dec-25,116.58,116.88,114.95,115.42,115.42,"19,642,300"
15-Dec-25,116.93,117.45,115.64,116.79,116.79,"18,713,700"
12-Dec-25,115.26,116.95,115.02,116.7,116.7,"19,092,400"
11-Dec-25,113.14,115.87,112.85,115.52,115.28,"21,586,600"
10-Dec-25,115.35,116.23,112.99,113.18,112.95,"22,859,600"
9-Dec-25,113.95,115.72,113.02,115.06,114.83,"24,326,700"
8-Dec-25,114.57,114.99,112.3,113.56,113.33,"22,700,700"
5-Dec-25,114.73,116.27,114.68,115.11,114.88,"23,956,400"
4-Dec-25,113.62,114.89,113.16,114.84,114.61,"25,905,100"
3-Dec-25,112.5,114.89,112.22,114.41,114.18,"24,478,300"
2-Dec-25,111.47,112.65,110.79,112.41,112.18,"18,711,800"
1-Dec-25,110.51,111.76,110.36,111.53,111.3,"17,236,800"
28-Nov-25,109.3,110.7,109,110.51,110.29,"9,846,500"
26-Nov-25,107.2,109.59,107.17,109.1,108.88,"17,783,300"
25-Nov-25,104.61,107.42,104.23,107,106.78,"20,212,900"
24-Nov-25,105.36,106.27,103.76,104.06,103.85,"42,519,200"
21-Nov-25,107.98,108.15,104.72,105.32,105.11,"41,420,800"
20-Nov-25,103.94,107.91,102.68,107.11,106.89,"50,375,900"
19-Nov-25,101.58,101.71,99.68,100.61,100.41,"22,157,000"
18-Nov-25,102.98,103.34,101.38,101.39,101.18,"17,604,500"
17-Nov-25,102.58,103.32,102.1,102.95,102.74,"15,289,400"
14-Nov-25,100.2,102.49,98.88,102.48,102.27,"23,424,200"
13-Nov-25,103.59,103.93,102.02,102.54,102.33,"18,088,500"
12-Nov-25,103.35,103.6,102.66,103.44,103.23,"12,084,400"
11-Nov-25,102.5,103.74,102.32,103.44,103.23,"13,182,100"
10-Nov-25,102.15,102.67,101.6,102.42,102.21,"14,507,600"
7-Nov-25,102.13,102.97,101.73,102.59,102.38,"17,248,700"
6-Nov-25,101.34,101.93,100.03,101.68,101.47,"14,866,000"
5-Nov-25,101.74,102.68,100.85,101.47,101.26,"13,356,800"
4-Nov-25,102.13,102.62,101.46,102.27,102.06,"12,636,400"
3-Nov-25,100.82,101.8,100.4,101.59,101.38,"14,811,700"
31-Oct-25,101.7,102.1,100.18,101.18,100.97,"20,237,000"
30-Oct-25,102.2,103.37,101.96,102.23,102.02,"14,065,100"
29-Oct-25,102.91,103.67,102.11,102.46,102.25,"11,986,400"
28-Oct-25,104.06,104.14,103.05,103.17,102.96,"13,323,000"
27-Oct-25,106.34,106.36,104.15,104.47,104.26,"16,375,900"
24-Oct-25,107.07,107.17,105.51,106.17,105.95,"10,318,000"
23-Oct-25,107.35,107.57,105.78,106.86,106.64,"11,408,200"
22-Oct-25,106.55,107.77,105.66,107.14,106.92,"12,296,500"
21-Oct-25,107.33,107.48,106.18,106.22,106,"10,899,700"
20-Oct-25,107.85,108.25,106.61,107.05,106.83,"10,581,200"
17-Oct-25,107.17,108.2,106.22,107.73,107.51,"13,735,600"
16-Oct-25,109.2,109.58,105.66,106.47,106.25,"16,366,200"
15-Oct-25,107.32,109.56,107.3,109.03,108.81,"21,416,300"
14-Oct-25,104.05,107.92,102.89,107.21,106.99,"30,859,500"
13-Oct-25,101.37,102.45,101.07,102.12,101.91,"10,871,200"
10-Oct-25,102.05,103.63,101.52,101.84,101.63,"18,519,400"
9-Oct-25,103.13,103.45,100.37,101.77,101.56,"19,508,000"
8-Oct-25,103.02,103.26,102.15,102.9,102.69,"13,584,100"
7-Oct-25,102.38,103.25,100.95,103.24,103.03,"15,538,900"
6-Oct-25,101.88,103.07,101.58,102.7,102.49,"13,303,600"
3-Oct-25,101.46,102.82,101.2,102.07,101.86,"11,867,500"
2-Oct-25,101.45,102.14,99.87,101.7,101.49,"15,605,400"
1-Oct-25,102.56,102.86,100.55,101.96,101.75,"16,142,800"
30-Sep-25,103,103.94,102.72,103.06,102.85,"13,873,400"
29-Sep-25,103.05,103.31,102.08,103.08,102.87,"15,477,200"
26-Sep-25,102.88,103.49,102.47,103.16,102.95,"11,859,300"
25-Sep-25,103.22,103.51,102.58,103.05,102.84,"13,366,700"
24-Sep-25,103.04,103.47,102.48,102.73,102.52,"11,391,800"
23-Sep-25,102.41,102.68,101.33,102.52,102.31,"13,158,700"
22-Sep-25,102.45,103.2,101.92,102.82,102.61,"12,861,900"
19-Sep-25,103.81,103.94,102.09,102.33,102.12,"34,791,600"
18-Sep-25,103.78,104.64,102.12,103.6,103.39,"14,869,400"
17-Sep-25,103.73,106.11,103.73,104.27,104.06,"25,382,000"
16-Sep-25,103.85,104.21,103.13,103.42,103.21,"14,481,900"
15-Sep-25,103.65,103.98,103.41,103.69,103.48,"10,756,900"
12-Sep-25,102.54,103.98,102.36,103.49,103.28,"11,641,900"
11-Sep-25,100.99,102.78,100.28,102.65,102.44,"15,900,800"
10-Sep-25,101.95,102.45,100.39,100.41,100.21,"17,934,900"
9-Sep-25,102,102.49,101.55,102.29,102.08,"11,819,700"
8-Sep-25,100.85,102.36,100.42,102.28,102.07,"13,685,700"
5-Sep-25,101.08,101.48,99.55,100.51,100.31,"13,748,500"
4-Sep-25,99.91,101.35,99.65,100.93,100.72,"15,640,900"
3-Sep-25,97.85,99.44,97.5,99.44,99.24,"18,995,900"
2-Sep-25,97.23,97.85,96.51,97.85,97.65,"15,351,300"
29-Aug-25,96.1,97.03,95.8,96.98,96.78,"15,600,300"
28-Aug-25,96,96.57,95.7,96.11,95.91,"19,241,600"
27-Aug-25,95.9,96.32,95.6,96.08,95.88,"12,925,700"
26-Aug-25,96.28,96.47,95.42,96.05,95.85,"22,270,400"
25-Aug-25,97,97.58,96.07,96.07,95.87,"18,956,100"
22-Aug-25,98.07,99.05,96.76,96.83,96.63,"32,695,200"
21-Aug-25,99.41,99.45,96.95,97.96,97.76,"51,825,100"
20-Aug-25,101.15,102.65,100.93,102.57,102.36,"18,655,000"
19-Aug-25,100.96,102.43,100.8,101.29,101.08,"16,999,000"
18-Aug-25,100,100.88,99.92,100.7,100.5,"11,656,100"
15-Aug-25,0.235 Dividend,,,,,
15-Aug-25,100.63,100.77,99.54,100,99.8,"13,604,900"
14-Aug-25,101.22,101.44,100.72,100.85,100.41,"10,858,400"
13-Aug-25,102.15,102.81,100.85,100.99,100.55,"19,398,500"
12-Aug-25,104.25,104.31,103.37,103.62,103.17,"17,915,300"
11-Aug-25,103.9,104.33,103.11,103.93,103.48,"12,856,700"
8-Aug-25,103.37,104.72,103.15,103.73,103.28,"12,394,700"
7-Aug-25,103.46,103.9,102.11,103.12,102.67,"12,509,500"
6-Aug-25,99.46,103.69,99.46,103.36,102.91,"23,738,400"
5-Aug-25,99.67,100.47,98.91,99.31,98.88,"17,977,000"
4-Aug-25,98.2,99.91,98.2,99.59,99.16,"19,050,200"
1-Aug-25,98,98.83,97.67,98.49,98.06,"16,750,400"
31-Jul-25,97.44,98.63,97.31,97.98,97.55,"15,651,300"
30-Jul-25,98.61,98.88,97.29,97.59,97.16,"13,864,100"
29-Jul-25,97.78,98.72,97.34,98.33,97.9,"14,034,300"
28-Jul-25,97.28,98.13,97.08,97.61,97.18,"12,293,100"
25-Jul-25,96.84,97.65,96.53,97.47,97.05,"12,868,500"
24-Jul-25,95.57,96.96,95.35,96.6,96.18,"14,991,500"
23-Jul-25,96.01,96.29,95.29,95.68,95.26,"9,729,700"
22-Jul-25,95.84,96.67,95.74,95.85,95.43,"9,049,100"
21-Jul-25,95.26,96.64,95.1,95.67,95.25,"13,450,400"
18-Jul-25,95.09,95.48,94.43,95.05,94.64,"14,636,300"
17-Jul-25,95.08,95.63,94.89,95.09,94.68,"11,165,100"
16-Jul-25,95.42,95.83,94.61,95.15,94.74,"11,181,600"
15-Jul-25,95.6,95.78,94.94,95.39,94.97,"10,450,800"
14-Jul-25,94.51,95.84,94.38,95.78,95.36,"13,779,100"
11-Jul-25,95.01,95.53,94.23,94.4,93.99,"14,595,000"
10-Jul-25,96.66,96.78,94.74,94.86,94.45,"18,894,800"
9-Jul-25,97.15,97.29,96.38,96.81,96.39,"13,702,600"
8-Jul-25,98.82,99.17,96.51,97.09,96.67,"16,875,000"
7-Jul-25,98.23,99.35,97.62,99.35,98.92,"12,930,900"
3-Jul-25,97.7,98.48,97.42,98.36,97.93,"7,686,200"
2-Jul-25,98.13,98.38,97.06,97.61,97.18,"12,502,000"
1-Jul-25,97.6,99.19,97.42,98.24,97.81,"15,635,800"
30-Jun-25,97.23,98.14,96.31,97.78,97.35,"17,803,000"
27-Jun-25,96.32,97.76,96.16,97.27,96.85,"31,431,900"
26-Jun-25,96.9,97.34,95.92,96.02,95.6,"19,361,400"
25-Jun-25,98.31,98.56,97.15,97.26,96.84,"11,154,700"
24-Jun-25,97.73,99.11,97.25,98,97.57,"22,403,700"
23-Jun-25,95.92,97.93,95.67,97.87,97.44,"20,432,400"
20-Jun-25,95.24,96.31,95.2,96.12,95.7,"20,604,900"
18-Jun-25,94.57,95.49,94.09,95.09,94.68,"11,333,700"
17-Jun-25,93.95,94.82,93.62,94.25,93.84,"14,935,600"
16-Jun-25,94.75,95.78,94.1,94.29,93.88,"14,881,700"
13-Jun-25,94.52,95.32,94.01,94.44,94.03,"18,694,700"
12-Jun-25,94.89,95.26,93.43,94.83,94.42,"17,845,700"
11-Jun-25,97.29,97.29,95.35,95.8,95.38,"16,389,600"
10-Jun-25,97.29,98.09,96.48,97.32,96.9,"17,162,500"
9-Jun-25,97.4,97.85,96.77,97.45,97.03,"13,655,700"
6-Jun-25,98.37,98.56,96.97,97.47,97.05,"15,599,300"
5-Jun-25,99.3,99.59,97.61,97.96,97.53,"15,817,100"
4-Jun-25,99.79,100.13,99.32,99.35,98.92,"11,115,600"
3-Jun-25,99.57,100.89,98.57,99.98,99.54,"15,598,600"
2-Jun-25,98.84,99.91,98.05,99.77,99.34,"16,999,200"
30-May-25,96.96,98.93,96.6,98.72,98.29,"29,980,100"
29-May-25,97.63,97.77,96.85,97.1,96.68,"14,338,000"
28-May-25,97.52,98.24,97.06,97.24,96.82,"11,220,100"
27-May-25,97.3,97.8,96.58,97.58,97.15,"17,180,900"
23-May-25,95.34,96.54,95,96.34,95.92,"13,668,600"
22-May-25,96.54,96.96,95.82,95.93,95.51,"13,712,200"
21-May-25,97.13,97.76,95.98,96.43,96.01,"15,742,300"
20-May-25,98.56,98.82,96.52,97.8,97.37,"15,609,600"
19-May-25,96.65,98.28,95.81,98.12,97.69,"20,041,600"
16-May-25,96.14,99.19,96,98.24,97.81,"33,746,200"
15-May-25,94.3,96.72,91.89,96.35,95.93,"44,026,100"
14-May-25,96.03,97.33,95.83,96.83,96.41,"25,620,100"
13-May-25,96.5,97.32,95.23,95.88,95.46,"19,746,700"
12-May-25,97.67,97.97,95.62,96.75,96.33,"26,783,900"
9-May-25,0.235 Dividend,,,,,
9-May-25,96.75,97.2,96.29,96.72,96.3,"13,697,800"
8-May-25,98.75,99.33,97.36,97.43,96.77,"14,461,100"
7-May-25,98.55,99.23,98.31,98.83,98.16,"11,301,300"
6-May-25,98.74,99.47,98.41,98.55,97.88,"10,626,000"
5-May-25,98.94,99.74,98.53,99.33,98.66,"12,439,100"
2-May-25,97.95,99.22,97.85,98.75,98.08,"16,031,400"
1-May-25,97.02,97.9,96.59,97.41,96.75,"13,171,800"
30-Apr-25,95.94,97.78,94.93,97.25,96.59,"21,639,900"
29-Apr-25,94.84,96.18,94.42,96.04,95.39,"12,679,000"
28-Apr-25,95.1,96,94.34,95.22,94.58,"12,950,000"
25-Apr-25,95.8,96.47,94.36,95.09,94.45,"15,317,200"
24-Apr-25,94.71,96.22,93.66,95.84,95.19,"13,444,500"
23-Apr-25,95.02,96.6,94.16,94.96,94.32,"18,046,900"
22-Apr-25,92.88,95.29,92.88,94.85,94.21,"15,407,800"
21-Apr-25,93.02,94.08,91.34,92.41,91.79,"18,361,200"
17-Apr-25,91.83,93.87,91.62,93.22,92.59,"21,393,900"
16-Apr-25,94,94.3,90.61,91.19,90.57,"22,229,100"
15-Apr-25,94.82,96.03,93.87,93.97,93.33,"21,871,200"
14-Apr-25,93.27,95.44,92.9,94.73,94.09,"27,742,900"
11-Apr-25,90.68,93.35,90.01,92.8,92.17,"25,508,100"
10-Apr-25,88.73,91.87,88.16,90.61,90,"34,735,300"
9-Apr-25,83.33,90.8,83.02,89.6,88.99,"46,632,800"
8-Apr-25,85.85,86.97,81.03,81.79,81.24,"34,351,700"
7-Apr-25,80.24,86.26,79.81,83.83,83.26,"36,884,900"
4-Apr-25,85.64,87.39,82.65,83.19,82.63,"36,209,000"
3-Apr-25,86.28,89.88,86.28,87.26,86.67,"33,012,900"
2-Apr-25,88.2,90.15,88.12,89.76,89.15,"19,384,100"
1-Apr-25,87.54,89.11,87.37,88.83,88.23,"22,080,300"
31-Mar-25,84.76,88.2,84.37,87.79,87.2,"30,269,300"
28-Mar-25,85.43,85.83,84.7,85.15,84.57,"14,790,600"
27-Mar-25,84.78,86.11,84.78,85.63,85.05,"16,782,800"
26-Mar-25,85.19,85.56,84.57,85.21,84.63,"27,228,800"
25-Mar-25,86.76,87.31,84.62,84.76,84.19,"27,908,600"
24-Mar-25,86.47,87.65,86.35,87.49,86.9,"17,900,700"
21-Mar-25,0.235 Dividend,,,,,
21-Mar-25,85.28,86.23,84.78,85.98,85.4,"26,797,200"
20-Mar-25,85.81,87.08,85.52,85.81,85,"18,185,500"
19-Mar-25,85.95,86.79,85.62,86.33,85.51,"24,555,900"
18-Mar-25,87.44,87.68,85.5,85.59,84.78,"17,850,900"
17-Mar-25,85.13,87.99,84.98,87.46,86.63,"26,297,800"
14-Mar-25,84.96,85.37,84.06,85.35,84.54,"35,500,600"
13-Mar-25,84.94,85.45,83.87,84.5,83.7,"31,507,800"
12-Mar-25,87.88,89.1,84.88,85.2,84.39,"33,301,600"
11-Mar-25,87.29,89.35,87.14,87.44,86.61,"28,687,600"
10-Mar-25,89.76,90.23,86.61,87.82,86.99,"35,148,800"
7-Mar-25,93.94,93.95,90.76,91.72,90.85,"35,913,200"
6-Mar-25,94.8,96.19,94.18,94.64,93.74,"19,957,800"
5-Mar-25,94.97,96.39,94.75,95.98,95.07,"17,639,000"
4-Mar-25,95.76,97.05,94.46,94.97,94.07,"25,227,700"
3-Mar-25,97.98,99.49,96.83,97.59,96.66,"18,372,200"
28-Feb-25,97.79,98.86,97.17,98.61,97.68,"25,451,300"
27-Feb-25,95.9,98.04,95.81,96.79,95.87,"16,431,500"
26-Feb-25,97.7,98.73,96.07,96.2,95.29,"19,069,700"
25-Feb-25,94.35,97.91,94.24,97.69,96.76,"29,331,200"
24-Feb-25,94.18,94.64,92.12,93.67,92.78,"29,755,900"
21-Feb-25,96.53,96.85,94.12,94.78,93.88,"35,014,800"
20-Feb-25,98.78,100.12,96.68,97.21,96.29,"55,450,900"
19-Feb-25,103.85,104.2,102.55,104,103.01,"18,508,000"
18-Feb-25,103.72,103.99,102.51,103.78,102.8,"18,247,300"
14-Feb-25,105.3,105.3,103.6,104.04,103.05,"14,109,500"
13-Feb-25,104,105.24,103.53,105.05,104.05,"12,604,400"
12-Feb-25,102.12,103.9,102.04,103.61,102.63,"15,162,100"
11-Feb-25,102.62,102.85,101.85,102.47,101.5,"11,953,600"
10-Feb-25,101.95,102.93,101.25,102.92,101.94,"15,274,600"
7-Feb-25,103,103.11,101.11,101.15,100.19,"12,451,100"
6-Feb-25,102.53,103.02,101.94,102.85,101.87,"13,088,500"
5-Feb-25,100.65,102.58,100.54,102.46,101.49,"15,926,700"
4-Feb-25,99.97,100.95,99.69,100.77,99.81,"15,201,200"
3-Feb-25,96.77,99.79,96.47,99.54,98.6,"20,484,200"
31-Jan-25,99,99,97.7,98.16,97.23,"16,391,200"
30-Jan-25,97.69,98.93,97.42,98.65,97.71,"11,012,200"
29-Jan-25,97.43,98.17,97.22,97.5,96.58,"11,261,400"
28-Jan-25,97.23,97.84,96.73,97.29,96.37,"14,641,600"
27-Jan-25,95.9,97.46,94.82,97.4,96.48,"18,880,600"
24-Jan-25,93.54,95.01,93.46,94.76,93.86,"14,973,800"
23-Jan-25,92.96,93.81,92.32,93.81,92.92,"14,198,400"
22-Jan-25,93.77,94,92.52,93.23,92.35,"15,567,100"
21-Jan-25,92.48,94.24,92.31,93.08,92.2,"23,247,500"
17-Jan-25,92.07,92.26,91.05,91.94,91.07,"15,868,200"
16-Jan-25,91.5,91.72,90.12,91.3,90.43,"13,267,700"
15-Jan-25,91.07,91.73,90.81,91.34,90.47,"17,348,200"
14-Jan-25,91.86,91.98,90.57,90.79,89.93,"13,549,200"
13-Jan-25,92.12,92.43,91.1,91.53,90.66,"18,617,100"
10-Jan-25,92.49,93.58,92.2,93,92.12,"18,140,900"
8-Jan-25,91.11,91.85,90.82,91.8,90.93,"13,453,600"
7-Jan-25,91.7,91.94,90.45,90.81,89.95,"11,238,000"
6-Jan-25,90.83,92.47,90.67,91.43,90.56,"14,519,900"
3-Jan-25,90.15,91.3,90.14,90.78,89.92,"10,834,600"
2-Jan-25,89.98,90.6,89.52,90,89.15,"14,820,400"
31-Dec-24,90.57,90.94,90.06,90.35,89.49,"11,267,700"
30-Dec-24,90.73,91.07,90.13,90.57,89.71,"9,790,200"
27-Dec-24,92.13,92.35,91.03,91.66,90.79,"11,384,400"
26-Dec-24,92.54,92.88,92.17,92.79,91.91,"10,994,000"
24-Dec-24,90.37,92.68,90.35,92.68,91.8,"8,992,400"
23-Dec-24,91.5,91.5,88.91,90.35,89.49,"26,205,400"
20-Dec-24,93.01,93.75,91.63,92.24,91.37,"49,350,600"
19-Dec-24,94.48,94.57,93.36,93.4,92.51,"16,606,500"
18-Dec-24,95.34,95.9,93.13,93.55,92.66,"24,665,600"
17-Dec-24,95.14,95.49,94.32,95.42,94.52,"23,560,800"
16-Dec-24,94.42,95.71,94.1,94.87,93.97,"16,742,000"
13-Dec-24,0.208 Dividend,,,,,
13-Dec-24,93.8,94.68,93.04,94.25,93.36,"11,495,900"
12-Dec-24,95.68,95.72,94.09,94.09,92.99,"14,298,600"
11-Dec-24,94.54,95.69,94.5,94.96,93.85,"19,682,100"
10-Dec-24,94.05,95.24,93.77,94.55,93.45,"13,164,500"
9-Dec-24,95.66,95.94,93.6,93.83,92.73,"20,931,100"
6-Dec-24,95.54,96.18,95.33,95.7,94.58,"18,803,500"
5-Dec-24,94.89,95.6,94.34,95.3,94.19,"21,932,300"
4-Dec-24,93.45,94.52,93.05,94.45,93.35,"17,312,600"
3-Dec-24,92.78,93.59,92.26,93.51,92.42,"17,775,200"
2-Dec-24,92.82,92.99,91.95,92.64,91.56,"17,173,000"
29-Nov-24,92.26,92.64,91.82,92.5,91.42,"11,041,200"
27-Nov-24,92,92.25,91.31,91.88,90.81,"14,358,900"
26-Nov-24,89.89,91.88,89.84,91.31,90.24,"16,657,000"
25-Nov-24,90.5,90.95,89.06,89.5,88.46,"25,078,600"
22-Nov-24,89.41,90.91,88.93,90.44,89.38,"23,990,600"
21-Nov-24,87.45,88.64,86.93,88.39,87.36,"18,729,200"
20-Nov-24,86.6,87.2,85.91,87.18,86.16,"18,183,200"
19-Nov-24,86.23,88.29,85.91,86.6,85.59,"36,340,900"
18-Nov-24,84.82,84.85,83.66,84.08,83.1,"25,093,800"
15-Nov-24,84.53,84.78,83.94,84.25,83.27,"17,370,600"
14-Nov-24,85.03,85.76,84.34,84.47,83.48,"15,740,700"
13-Nov-24,84.99,85.79,84.77,85.5,84.5,"12,802,600"
12-Nov-24,84.5,85.53,84.5,84.99,84,"12,860,200"
11-Nov-24,84.95,85.41,84.12,84.21,83.23,"10,433,200"
8-Nov-24,84.28,85.42,84.23,84.83,83.84,"14,396,500"
7-Nov-24,83.72,84.39,83.42,83.85,82.87,"12,665,800"
6-Nov-24,85.14,85.54,82.06,83.44,82.47,"19,974,000"
5-Nov-24,82.68,83.77,82.51,83.68,82.7,"10,612,500"
4-Nov-24,82.2,82.91,82,82.45,81.49,"11,731,000"
1-Nov-24,82.53,82.53,81.54,82.19,81.23,"12,181,800"
31-Oct-24,81.29,82.44,81.22,81.95,80.99,"15,539,000"
30-Oct-24,81.6,81.83,81.3,81.39,80.44,"9,268,800"
29-Oct-24,82.67,82.86,81.67,81.7,80.75,"9,682,400"
28-Oct-24,82.75,83.08,82.47,82.75,81.78,"7,990,200"
25-Oct-24,83.2,83.3,82.44,82.51,81.55,"8,959,400"
24-Oct-24,82.96,83.32,82.58,83.04,82.07,"11,645,900"
23-Oct-24,81.89,83.34,81.8,83.27,82.3,"13,058,200"
22-Oct-24,81.11,82.23,80.83,82.02,81.06,"12,240,100"
21-Oct-24,81.23,81.55,80.72,80.81,79.87,"9,750,400"
18-Oct-24,80.87,81.69,80.66,81.31,80.36,"12,324,100"
17-Oct-24,81.27,81.5,80.65,80.89,79.95,"9,424,700"
16-Oct-24,81.53,81.66,80.62,81.22,80.27,"11,123,300"
15-Oct-24,80.67,81.82,80.51,81.65,80.7,"13,276,200"
14-Oct-24,80.05,80.51,79.76,80.29,79.35,"9,914,500"
11-Oct-24,79.7,80.13,79.37,80.1,79.17,"9,570,700"
10-Oct-24,80.31,80.32,79.46,79.61,78.68,"10,812,700"
9-Oct-24,79.82,80.5,79.75,80.4,79.46,"12,413,000"
8-Oct-24,79.62,79.82,79.07,79.71,78.78,"15,270,000"
7-Oct-24,80.69,80.94,78.98,79.1,78.18,"16,791,600"
4-Oct-24,80.05,81.11,79.85,80.94,80,"11,583,400"
3-Oct-24,80.3,80.58,79.85,80.43,79.49,"11,640,400"
2-Oct-24,80.99,80.99,80.12,80.43,79.49,"16,618,300"
1-Oct-24,80.68,81.53,80.44,81.27,80.32,"16,054,200"
30-Sep-24,79.89,80.94,79.86,80.75,79.81,"18,997,000"
27-Sep-24,79.9,80.29,79.6,79.78,78.85,"11,899,100"
26-Sep-24,81.04,81.2,79.26,79.92,78.99,"17,061,100"
25-Sep-24,80.89,81.6,80.68,81.4,80.45,"14,163,800"
24-Sep-24,80.48,80.91,80.24,80.67,79.73,"14,651,100"
23-Sep-24,79.07,80.44,79.07,80.33,79.39,"12,147,300"
20-Sep-24,78.23,79.61,78.11,79.06,78.14,"39,534,300"
19-Sep-24,79.05,79.09,77.49,78.04,77.13,"21,525,700"
18-Sep-24,78.64,79.41,78.28,79.03,78.11,"15,684,900"
17-Sep-24,79.76,80.26,78.26,78.6,77.68,"21,065,900"
16-Sep-24,80.84,81.02,80.14,80.56,79.62,"15,346,400"
13-Sep-24,79.82,80.69,79.69,80.6,79.66,"12,994,100"
12-Sep-24,78.99,79.91,78.62,79.66,78.73,"14,877,700"
11-Sep-24,78.38,78.92,77.57,78.84,77.92,"19,518,800"
10-Sep-24,77.35,78.9,77.28,78.81,77.89,"17,686,300"
9-Sep-24,76.85,77.47,76.49,77.34,76.44,"22,260,200"
6-Sep-24,76.9,77.32,76.3,76.64,75.75,"14,548,600"
5-Sep-24,77.25,77.45,76.39,76.96,76.06,"13,082,900"
4-Sep-24,77.33,77.48,76.73,77.24,76.34,"18,442,800"
3-Sep-24,77.33,77.81,76.8,77.17,76.27,"22,666,100"
30-Aug-24,76.44,77.47,76.22,77.23,76.33,"23,230,000"
29-Aug-24,75.99,76.47,75.67,76.42,75.53,"11,856,800"
28-Aug-24,76.28,76.43,75.81,76.08,75.19,"9,814,300"
27-Aug-24,76.45,76.45,75.77,76.13,75.24,"11,557,800"
26-Aug-24,75.9,76.21,75.57,76.03,75.14,"9,508,200"
23-Aug-24,75.6,75.81,75.01,75.7,74.82,"12,299,100"
22-Aug-24,75.37,76.22,75.15,75.58,74.7,"16,511,100"
21-Aug-24,75.3,75.58,74.59,75.24,74.36,"14,832,000"
20-Aug-24,73.75,74.75,73.72,74.54,73.67,"14,434,000"
19-Aug-24,73.39,73.98,73.34,73.72,72.86,"13,709,300"
16-Aug-24,0.208 Dividend,,,,,
16-Aug-24,72.7,73.61,72.52,73.45,72.59,"19,872,100"
15-Aug-24,74.12,74.44,72.78,73.18,72.12,"49,567,500"
14-Aug-24,67.92,68.79,67.85,68.66,67.67,"22,928,600"
13-Aug-24,68.43,68.61,67.14,68.13,67.14,"26,557,900"
12-Aug-24,68.34,69.22,68.07,68.7,67.71,"17,385,300"
9-Aug-24,67.85,68.22,67.33,67.95,66.97,"13,805,600"
8-Aug-24,66.84,67.92,66.67,67.66,66.68,"12,489,800"
7-Aug-24,67.87,68.01,66.81,66.91,65.94,"18,499,200"
6-Aug-24,67.84,68.63,67.68,67.74,66.76,"14,815,100"
5-Aug-24,68.1,68.58,66.91,67.59,66.61,"20,770,500"
2-Aug-24,69.6,70.24,67.74,68.46,67.47,"23,578,700"
1-Aug-24,68.91,69.8,68.52,69.79,68.78,"17,275,500"
31-Jul-24,69.18,69.25,68.29,68.64,67.65,"22,908,800"
30-Jul-24,69.55,69.85,68.98,69.19,68.19,"12,522,500"
29-Jul-24,69.85,69.9,69.13,69.62,68.61,"10,315,300"
26-Jul-24,70.23,70.24,68.83,69.78,68.77,"16,789,300"
25-Jul-24,70.6,70.77,69.95,70.02,69.01,"18,821,200"
24-Jul-24,70.52,70.84,70.34,70.6,69.58,"22,490,800"
23-Jul-24,70.47,70.7,70.11,70.65,69.63,"9,263,600"
22-Jul-24,70.86,71.26,70.23,70.38,69.36,"12,666,100"
19-Jul-24,71.2,71.33,70.65,70.75,69.73,"11,665,500"
18-Jul-24,70.68,71.19,70.43,70.82,69.79,"10,682,700"
17-Jul-24,70.18,71.1,69.95,71.03,70,"13,533,800"
16-Jul-24,69.82,70.24,69.58,69.99,68.98,"9,836,800"
15-Jul-24,69.3,69.97,69.3,69.61,68.6,"10,171,100"
12-Jul-24,69.9,70.03,69.17,69.24,68.24,"12,145,300"
11-Jul-24,70.18,70.45,69.26,69.8,68.79,"15,624,800"
10-Jul-24,70.1,70.44,69.72,70.41,69.39,"10,803,400"
9-Jul-24,69.9,70.25,69.67,69.9,68.89,"9,758,400"
8-Jul-24,69.9,70.14,69.35,69.68,68.67,"12,077,700"
5-Jul-24,68.16,70.15,68.1,70.04,69.03,"21,586,100"
3-Jul-24,67.81,68.25,67.62,68.24,67.25,"6,287,500"
2-Jul-24,67.44,68.08,67.26,68.07,67.08,"9,436,500"
1-Jul-24,67.89,68.24,67.25,67.48,66.5,"8,666,000"
28-Jun-24,67.87,68.1,67.32,67.71,66.73,"18,816,700"
27-Jun-24,68.29,68.58,67.67,67.88,66.9,"12,899,200"
26-Jun-24,67.4,68.6,67.21,68.29,67.3,"14,177,500"
25-Jun-24,67.17,67.59,66.55,67.42,66.44,"20,869,200"
24-Jun-24,68.05,69.04,67.9,68.9,67.9,"12,470,400"
21-Jun-24,68.26,68.55,67.83,67.91,66.93,"25,883,000"
20-Jun-24,67.35,68.13,67.3,68.01,67.03,"13,860,800"
18-Jun-24,67.63,67.87,67.3,67.6,66.62,"12,093,500"
17-Jun-24,66.92,67.44,66.41,67.42,66.44,"12,103,000"
14-Jun-24,66.54,67.11,66.3,67.02,66.05,"12,590,100"
13-Jun-24,66.3,66.76,65.95,66.7,65.73,"11,196,600"
12-Jun-24,66.85,66.94,65.9,66.31,65.35,"11,704,700"
11-Jun-24,66.95,66.96,66.35,66.73,65.76,"13,367,500"
10-Jun-24,67.19,67.33,66.27,66.96,65.99,"21,659,500"
7-Jun-24,67.4,67.57,65.64,65.88,64.93,"20,213,200"
6-Jun-24,67.06,67.44,66.77,67.15,66.18,"13,256,000"
5-Jun-24,66.57,67.15,66.28,67.09,66.12,"14,982,700"
4-Jun-24,65.99,66.64,65.83,66.6,65.64,"14,780,800"
3-Jun-24,65.51,65.84,65.16,65.82,64.87,"11,578,700"
31-May-24,64.67,65.9,64.16,65.76,64.81,"27,632,200"
30-May-24,64.93,65.17,64.77,64.89,63.95,"13,051,900"
29-May-24,64.75,65.21,64.65,64.92,63.98,"11,538,600"
28-May-24,65.22,65.47,64.74,65.04,64.1,"13,349,600"
24-May-24,65.13,65.69,65.01,65.38,64.43,"11,795,000"
23-May-24,65.17,65.52,64.56,64.84,63.9,"16,222,900"
22-May-24,64.98,65.69,64.73,65.25,64.31,"14,879,400"
21-May-24,64.53,65.19,64.45,65.15,64.21,"17,131,700"
20-May-24,64.42,64.76,63.87,64.18,63.25,"15,001,400"
17-May-24,64.24,64.88,63.63,64.65,63.71,"29,330,400"
16-May-24,64.22,64.42,62.94,64.01,63.08,"60,545,600"
15-May-24,59.83,59.94,59.47,59.83,58.96,"22,240,600"
14-May-24,60.52,60.55,59.44,59.86,58.99,"18,780,100"
13-May-24,60.62,61.35,60.29,60.41,59.54,"19,260,500"
10-May-24,60.41,60.58,60.16,60.48,59.6,"12,356,600"
9-May-24,0.208 Dividend,,,,,
9-May-24,60.2,60.58,59.95,60.44,59.56,"14,550,500"
8-May-24,60.63,60.85,60.22,60.3,59.22,"11,015,700"
7-May-24,60.17,60.8,60.05,60.62,59.54,"14,520,200"
6-May-24,60,60,59.39,59.87,58.8,"11,119,400"
3-May-24,59.62,59.98,59.14,59.82,58.75,"14,207,400"
2-May-24,58.94,59.89,58.58,59.71,58.64,"17,574,100"
1-May-24,59.31,59.41,58.72,58.85,57.8,"15,464,300"
30-Apr-24,60.2,60.3,59.16,59.35,58.29,"14,209,200"
29-Apr-24,60.18,60.39,59.94,60.24,59.16,"9,785,100"
26-Apr-24,60.11,60.39,60,60.16,59.08,"11,045,200"
25-Apr-24,60.05,60.53,59.83,60.21,59.13,"19,263,000"
24-Apr-24,58.98,60.04,58.81,59.87,58.8,"18,529,100"
23-Apr-24,60.25,60.35,58.56,59.09,58.03,"17,963,900"
22-Apr-24,59.56,60.4,59.04,60.14,59.06,"14,910,000"
19-Apr-24,59.45,59.67,58.97,59.53,58.47,"14,165,800"
18-Apr-24,59.83,59.94,59.22,59.26,58.2,"12,061,500"
17-Apr-24,60.15,60.43,59.57,59.65,58.58,"15,329,700"
16-Apr-24,60.03,60.29,59.78,59.84,58.77,"14,726,300"
15-Apr-24,60.51,60.7,59.91,59.93,58.86,"10,557,200"
12-Apr-24,60,60.72,59.95,60.14,59.06,"12,280,600"
11-Apr-24,60.75,60.89,60.07,60.09,59.02,"10,987,600"
10-Apr-24,59.62,60.76,59.39,60.62,59.54,"15,097,600"
9-Apr-24,59.87,59.97,59.3,59.79,58.72,"10,013,500"
8-Apr-24,59.6,60.04,59.42,59.78,58.71,"11,070,100"
5-Apr-24,59.55,60.04,59.49,59.85,58.78,"10,335,900"
4-Apr-24,59.54,59.81,59.29,59.5,58.44,"14,436,100"
3-Apr-24,59.38,59.5,58.94,59.43,58.37,"14,615,100"
2-Apr-24,59.9,60.1,58.88,59.16,58.1,"19,510,100"
1-Apr-24,60.31,60.76,59.93,60,58.93,"13,837,600"
28-Mar-24,60.66,60.77,60.16,60.17,59.09,"17,535,100"
27-Mar-24,60.87,61.05,60.38,60.72,59.63,"14,363,400"
26-Mar-24,60.46,60.83,60.23,60.51,59.43,"13,738,300"
25-Mar-24,60.87,60.99,60.36,60.57,59.49,"14,186,600"
22-Mar-24,61.32,61.53,60.85,60.87,59.78,"14,029,400"
21-Mar-24,61.28,61.66,61.05,61.45,60.35,"14,265,900"
20-Mar-24,60.84,61.28,60.74,61.25,60.15,"12,007,600"
19-Mar-24,60.97,61.07,60.6,60.87,59.78,"12,353,600"
18-Mar-24,60.69,60.9,60.39,60.86,59.77,"16,801,700"
15-Mar-24,60.68,61.15,60.46,60.68,59.6,"50,946,300"
14-Mar-24,0.208 Dividend,,,,,
14-Mar-24,61.28,61.44,60.6,61.02,59.93,"16,584,700"
13-Mar-24,61.26,61.46,60.88,61.28,59.98,"15,935,200"
12-Mar-24,60.95,61.57,60.65,61.41,60.11,"16,613,100"
11-Mar-24,60.1,60.71,59.87,60.66,59.37,"14,154,000"
8-Mar-24,60,60.28,59.73,60.12,58.84,"12,143,600"
7-Mar-24,61,61.07,60.35,60.36,59.08,"16,195,300"
6-Mar-24,60.12,60.62,60.04,60.57,59.29,"12,698,700"
5-Mar-24,59.87,60.34,59.58,60.04,58.77,"19,676,900"
4-Mar-24,58.5,59.39,58.4,59.3,58.04,"16,033,300"
1-Mar-24,58.8,58.85,58.2,58.76,57.51,"19,030,900"
29-Feb-24,59.45,59.49,58.59,58.61,57.37,"29,245,100"
28-Feb-24,59.55,59.76,59.31,59.62,58.36,"14,803,300"
27-Feb-24,59.64,59.8,59.22,59.59,58.33,"18,012,700"
26-Feb-24,3:1 Stock Splits,,,,,
26-Feb-24,59.12,59.84,58.18,59.6,58.34,"32,154,800"
23-Feb-24,58.7,59.22,58.44,58.52,57.28,"74,365,800"
22-Feb-24,57.96,58.49,57.77,58.47,57.23,"29,512,800"
21-Feb-24,58.33,58.53,57.6,57.9,56.67,"40,501,500"
20-Feb-24,59.49,60.45,58.41,58.62,57.38,"71,788,500"
16-Feb-24,56.76,57.31,56.43,56.79,55.58,"22,373,400"
15-Feb-24,56.6,56.62,55.99,56.43,55.23,"16,948,800"
14-Feb-24,56.25,56.29,55.85,56.2,55.01,"18,484,500"
13-Feb-24,56.87,57.02,56.09,56.38,55.18,"18,574,200"
12-Feb-24,56.41,56.79,56.35,56.77,55.56,"14,795,100"
9-Feb-24,56.46,56.58,56.31,56.43,55.23,"14,329,800"
8-Feb-24,56.46,56.85,56.38,56.46,55.26,"14,427,900"
7-Feb-24,56.76,56.89,56.4,56.46,55.26,"17,082,600"
6-Feb-24,56.26,56.65,56.11,56.6,55.4,"14,181,300"
5-Feb-24,56.67,56.67,56.02,56.22,55.03,"19,145,100"
2-Feb-24,56.05,56.86,55.97,56.52,55.32,"21,670,800"
1-Feb-24,55.23,56.12,55.06,56.1,54.91,"20,792,700"
31-Jan-24,55.93,55.93,55.04,55.08,53.91,"26,134,800"
30-Jan-24,54.9,55.27,54.54,55.2,54.03,"15,270,000"
29-Jan-24,54.78,55.14,54.51,55.01,53.85,"18,240,300"
26-Jan-24,54.35,54.79,54.22,54.76,53.6,"15,746,400"
25-Jan-24,53.8,54.29,53.47,54.28,53.13,"16,369,500"
24-Jan-24,54.3,54.36,53.44,53.5,52.37,"22,932,900"
23-Jan-24,54.04,54.28,53.92,54.27,53.12,"12,066,600"
22-Jan-24,54.26,54.32,53.83,54.13,52.98,"13,938,300"
19-Jan-24,54.48,54.52,53.81,54.13,52.98,"19,175,400"
18-Jan-24,53.72,54.46,53.56,54.41,53.26,"18,190,500"
17-Jan-24,53.79,54,53.54,53.69,52.55,"14,827,800"
16-Jan-24,53.81,54.13,53.74,53.94,52.8,"17,032,500"
12-Jan-24,53.79,53.85,53.46,53.77,52.63,"13,629,000"
11-Jan-24,53.78,53.96,53.39,53.7,52.56,"14,355,300"
10-Jan-24,53.19,53.83,53.19,53.76,52.62,"20,121,900"
9-Jan-24,52.64,53.11,52.58,53.1,51.98,"23,322,300"
8-Jan-24,52.23,52.76,52.23,52.75,51.63,"20,680,800"
5-Jan-24,52.64,52.7,51.87,52.24,51.13,"21,709,500"
4-Jan-24,53.07,53.18,52.5,52.59,51.47,"19,282,500"
3-Jan-24,53.26,53.43,52.98,53.1,51.97,"18,756,000"
2-Jan-24,52.42,53.18,52.4,53.1,51.97,"23,539,800"
29-Dec-23,52.51,52.69,52.39,52.55,51.44,"21,948,300"
28-Dec-23,52.59,52.78,52.5,52.52,51.41,"16,776,000"
27-Dec-23,52.1,52.65,52.05,52.63,51.51,"19,896,000"
26-Dec-23,52.22,52.33,52.04,52.14,51.03,"11,679,900"
22-Dec-23,51.82,52.38,51.72,52.22,51.11,"19,405,500"
21-Dec-23,51.33,51.69,51.3,51.6,50.51,"20,087,700"
20-Dec-23,51.81,52.05,51.21,51.24,50.15,"21,967,800"
19-Dec-23,51.61,51.9,51.36,51.84,50.74,"24,417,000"
18-Dec-23,51.12,51.69,51.04,51.66,50.56,"26,316,000"
15-Dec-23,50.59,51.15,50.51,50.91,49.83,"70,003,500"
14-Dec-23,51.17,51.31,50.64,50.72,49.65,"30,891,300"
13-Dec-23,50.52,51.35,50.21,51.35,50.26,"35,348,700"
12-Dec-23,50.41,50.57,50.08,50.45,49.38,"21,381,900"
11-Dec-23,50.38,50.48,49.85,50.41,49.34,"31,883,400"
8-Dec-23,50.67,50.74,50.08,50.29,49.22,"34,069,500"
7-Dec-23,0.19 Dividend,,,,,
7-Dec-23,51.45,51.51,50.74,50.82,49.74,"25,362,600"
6-Dec-23,51.85,51.94,51.22,51.35,50.07,"26,447,400"
5-Dec-23,51.48,51.95,51.25,51.91,50.62,"21,883,800"
4-Dec-23,51.11,51.64,51.1,51.43,50.16,"24,883,200"
1-Dec-23,51.79,51.87,50.88,51.45,50.17,"39,273,600"
30-Nov-23,52.01,52.12,51.5,51.9,50.61,"29,925,900"
29-Nov-23,52.92,52.92,51.87,52.03,50.73,"29,896,500"
28-Nov-23,52.22,52.97,52.22,52.88,51.57,"23,535,000"
27-Nov-23,51.98,52.45,51.98,52.26,50.96,"23,393,700"
24-Nov-23,51.72,52.04,51.57,52.02,50.73,"13,975,200"
22-Nov-23,51.91,52.02,51.46,51.56,50.28,"26,416,500"
21-Nov-23,51.82,52.28,51.38,51.95,50.66,"29,382,300"
20-Nov-23,51.85,52,51.67,51.77,50.48,"26,663,100"
17-Nov-23,51.98,52.51,51.67,51.78,50.5,"42,487,800"
16-Nov-23,52.92,53.15,51.83,52.01,50.72,"97,658,700"
15-Nov-23,56.13,56.65,55.84,56.59,55.19,"35,769,900"
14-Nov-23,56.06,56.38,55.75,55.88,54.5,"19,792,500"
13-Nov-23,55.46,55.96,55.35,55.89,54.51,"15,408,900"
10-Nov-23,54.85,55.48,54.63,55.4,54.02,"14,319,900"
9-Nov-23,54.79,54.84,54.42,54.64,53.28,"15,080,100"
8-Nov-23,55.28,55.43,54.53,54.77,53.41,"15,591,900"
7-Nov-23,55.26,55.54,55.11,55.22,53.85,"15,023,400"
6-Nov-23,54.83,55.21,54.69,54.96,53.6,"14,529,000"
3-Nov-23,55.29,55.43,54.83,54.89,53.52,"17,240,100"
2-Nov-23,54.79,55.4,54.54,55.17,53.8,"15,492,300"
1-Nov-23,54.74,55.13,54.33,54.96,53.59,"14,899,500"
31-Oct-23,54.33,54.54,53.98,54.47,53.12,"14,168,400"
30-Oct-23,53.82,54.42,53.6,54.34,52.99,"12,653,700"
27-Oct-23,53.83,53.99,53.52,53.72,52.39,"13,829,700"
26-Oct-23,54.24,54.62,53.87,53.92,52.58,"16,220,100"
25-Oct-23,54.39,54.78,54.16,54.25,52.91,"16,621,800"
24-Oct-23,53.8,54.49,53.8,54.42,53.07,"17,535,000"
23-Oct-23,52.91,53.78,52.67,53.67,52.34,"17,097,000"
20-Oct-23,53.61,53.7,52.9,52.92,51.61,"15,056,700"
19-Oct-23,53.81,53.94,53.41,53.59,52.26,"11,745,900"
18-Oct-23,53.96,54.12,53.57,53.85,52.51,"10,559,100"
17-Oct-23,53.58,53.9,53.46,53.81,52.47,"10,893,000"
16-Oct-23,53.51,54.03,53.44,53.74,52.4,"14,348,100"
13-Oct-23,53.09,53.49,52.97,53.28,51.95,"13,809,000"
12-Oct-23,52.84,53.1,52.59,52.98,51.67,"13,514,100"
11-Oct-23,52.75,53.16,52.35,52.74,51.43,"12,026,100"
10-Oct-23,52.08,52.69,51.89,52.53,51.23,"16,014,300"
9-Oct-23,51.69,51.95,51.09,51.95,50.66,"21,022,500"
6-Oct-23,52.88,53,50.55,52.14,50.84,"42,616,200"
5-Oct-23,53.48,53.65,53,53.03,51.71,"14,269,500"
4-Oct-23,53.22,53.68,53,53.67,52.33,"15,755,700"
3-Oct-23,53.23,53.58,52.89,53.03,51.71,"11,253,300"
2-Oct-23,53.16,53.42,52.77,53.37,52.04,"12,992,700"
29-Sep-23,54.34,54.38,53.06,53.31,51.99,"18,842,400"
28-Sep-23,54,54.28,53.86,54.18,52.83,"11,617,200"
27-Sep-23,54,54.08,53.43,53.91,52.57,"15,711,000"
26-Sep-23,54.31,54.51,54.12,54.17,52.82,"14,435,700"
25-Sep-23,54.12,54.37,53.96,54.36,53.01,"10,459,500"
22-Sep-23,54.08,54.41,53.97,54.12,52.77,"13,215,000"
21-Sep-23,54.75,54.83,53.93,53.97,52.63,"18,782,400"
20-Sep-23,54.53,54.9,54.32,54.64,53.28,"10,120,800"
19-Sep-23,54.46,54.59,54.12,54.46,53.11,"14,019,600"
18-Sep-23,54.89,55.07,54.42,54.47,53.12,"12,997,800"
15-Sep-23,55.07,55.22,54.59,54.88,53.52,"63,925,200"
14-Sep-23,55,55.25,54.8,55.08,53.72,"14,923,800"
13-Sep-23,54.98,55.28,54.79,54.85,53.49,"14,364,300"
12-Sep-23,54.83,54.98,54.68,54.84,53.48,"11,757,300"
11-Sep-23,54.67,54.83,54.55,54.78,53.42,"11,912,100"
8-Sep-23,54.49,54.62,54.36,54.59,53.23,"12,667,200"
7-Sep-23,54,54.49,53.83,54.49,53.14,"19,120,800"
6-Sep-23,53.47,54.06,53.3,53.82,52.49,"14,594,700"
5-Sep-23,53.95,54.27,53.39,53.42,52.1,"15,209,400"
1-Sep-23,54.29,54.32,53.38,53.86,52.52,"12,553,500"
31-Aug-23,53.71,54.33,53.65,54.2,52.86,"19,582,800"
30-Aug-23,53.47,53.76,53.31,53.73,52.4,"10,967,700"
29-Aug-23,53,53.41,52.95,53.35,52.03,"12,702,300"
28-Aug-23,52.62,52.94,52.62,52.91,51.59,"11,871,000"
25-Aug-23,52.39,52.68,52.18,52.61,51.3,"12,267,000"
24-Aug-23,52.71,53.08,52.27,52.3,51,"14,033,100"
23-Aug-23,52.2,52.8,52.17,52.7,51.39,"14,210,400"
22-Aug-23,52.32,52.44,52.08,52.34,51.04,"16,670,700"
21-Aug-23,52.54,52.95,52.35,52.5,51.2,"15,679,200"
18-Aug-23,51.77,53.22,51.77,52.64,51.34,"27,954,900"
17-Aug-23,53.63,53.71,51.67,51.9,50.61,"53,614,200"
16-Aug-23,53.29,53.66,52.79,53.09,51.77,"26,980,800"
15-Aug-23,53.18,53.6,52.97,53.06,51.74,"14,559,300"
14-Aug-23,54,54.26,53.06,53.33,52.01,"20,813,700"
11-Aug-23,53.52,53.94,53.37,53.73,52.4,"14,195,100"
10-Aug-23,0.19 Dividend,,,,,
10-Aug-23,53.6,53.92,53.34,53.42,52.09,"15,169,500"
9-Aug-23,53.64,54.03,53.57,53.64,52.12,"13,209,600"
8-Aug-23,53.66,53.87,53.17,53.55,52.04,"11,017,500"
7-Aug-23,53.17,53.74,53.04,53.5,51.98,"14,268,900"
4-Aug-23,53.25,53.42,52.65,52.78,51.29,"14,262,000"
3-Aug-23,53.01,53.17,52.84,53.09,51.58,"13,202,700"
2-Aug-23,52.84,53.48,52.84,53.07,51.57,"12,660,000"
1-Aug-23,53.32,53.48,52.99,53.04,51.54,"11,782,500"
31-Jul-23,53.32,53.55,52.97,53.29,51.78,"13,033,200"
28-Jul-23,53.1,53.65,53.1,53.3,51.8,"11,020,200"
27-Jul-23,53.36,53.55,53.04,53.05,51.55,"13,400,400"
26-Jul-23,53.08,53.56,52.98,53.25,51.74,"15,094,200"
25-Jul-23,53.49,53.5,52.76,53.06,51.56,"15,553,800"
24-Jul-23,52.82,53.16,52.52,53.1,51.6,"12,529,800"
21-Jul-23,52.63,52.93,52.48,52.79,51.3,"16,960,500"
20-Jul-23,51.64,52.52,51.63,52.49,51.01,"14,987,700"
19-Jul-23,51.6,51.73,51.25,51.54,50.08,"12,372,900"
18-Jul-23,51.56,51.89,51.29,51.52,50.07,"13,437,300"
17-Jul-23,51.47,51.66,51.27,51.62,50.16,"10,135,200"
14-Jul-23,51.37,51.56,51.19,51.55,50.09,"10,427,400"
13-Jul-23,51.81,51.87,51.23,51.38,49.92,"11,859,600"
12-Jul-23,51.77,51.96,51.61,51.68,50.22,"16,509,900"
11-Jul-23,51.59,51.84,51.29,51.55,50.09,"11,460,900"
10-Jul-23,51.52,51.83,51.44,51.63,50.17,"12,967,800"
7-Jul-23,51.94,52.1,51.15,51.16,49.72,"19,774,800"
6-Jul-23,52.64,52.73,52.29,52.37,50.89,"14,427,000"
5-Jul-23,52.72,53.04,52.45,52.7,51.21,"17,585,400"
3-Jul-23,52.27,52.81,52.11,52.73,51.24,"8,647,500"
30-Jun-23,51.66,52.51,51.59,52.39,50.91,"19,073,100"
29-Jun-23,51.5,51.58,51.05,51.43,49.97,"21,530,400"
28-Jun-23,51.58,51.89,51.55,51.78,50.31,"18,889,800"
27-Jun-23,51.38,51.95,51.35,51.5,50.04,"12,093,600"
26-Jun-23,51.88,51.93,51.44,51.68,50.22,"14,106,300"
23-Jun-23,51.96,52.1,51.67,51.82,50.35,"18,975,000"
22-Jun-23,51.66,52.03,51.49,51.92,50.45,"13,307,400"
21-Jun-23,51.4,51.78,51.12,51.49,50.03,"19,251,000"
20-Jun-23,51.57,51.82,51.29,51.39,49.93,"19,994,400"
16-Jun-23,52.69,52.72,51.76,51.84,50.38,"34,675,800"
15-Jun-23,52.33,52.74,52.33,52.58,51.09,"18,160,500"
14-Jun-23,51.97,52.44,51.87,52.29,50.81,"21,103,200"
13-Jun-23,51.51,51.84,51.36,51.77,50.3,"15,738,900"
12-Jun-23,51.14,51.43,51.06,51.37,49.91,"14,713,500"
9-Jun-23,50.72,51.24,50.53,51.03,49.59,"15,603,900"
8-Jun-23,50.13,50.81,49.93,50.72,49.29,"18,873,000"
7-Jun-23,49.75,50.12,49.68,50,48.59,"24,256,500"
6-Jun-23,49.9,50.06,49.5,49.93,48.51,"15,015,600"
5-Jun-23,49.79,50.42,49.79,49.93,48.52,"15,553,200"
2-Jun-23,49.07,49.67,49.03,49.61,48.2,"19,178,100"
1-Jun-23,48.74,49.3,48.65,49.14,47.75,"20,239,200"
31-May-23,48.47,49.1,48.34,48.96,47.57,"30,130,800"
30-May-23,48.77,49.1,48.53,48.69,47.31,"15,742,500"
26-May-23,48.57,48.94,48.49,48.81,47.43,"15,720,900"
25-May-23,48.96,49.15,48.36,48.72,47.34,"21,299,100"
24-May-23,49.5,49.51,48.77,49.21,47.82,"20,515,200"
23-May-23,49.34,49.62,49.03,49.44,48.04,"16,302,300"
22-May-23,49.9,50.03,49.43,49.53,48.13,"16,117,800"
19-May-23,50.47,50.49,49.7,49.97,48.56,"27,594,000"
18-May-23,50.6,51.43,49.98,50.49,49.06,"46,768,500"
17-May-23,50.38,50.38,49.57,49.84,48.43,"26,985,900"
16-May-23,50.28,50.51,49.86,49.93,48.51,"15,512,100"
15-May-23,51.17,51.28,50.46,50.63,49.19,"16,113,900"
12-May-23,51.2,51.36,50.9,51.02,49.58,"16,119,300"
11-May-23,50.85,51.09,50.67,51.04,49.6,"11,926,800"
10-May-23,51.23,51.45,50.41,50.85,49.41,"15,827,700"
9-May-23,50.91,51.06,50.78,50.99,49.55,"15,209,700"
8-May-23,50.42,50.98,50.35,50.91,49.47,"14,926,200"
5-May-23,50.1,50.67,49.94,50.59,49.16,"14,556,000"
4-May-23,0.19 Dividend,,,,,
4-May-23,50.18,50.33,49.83,50.16,48.74,"14,011,200"
3-May-23,50.52,50.7,50.09,50.21,48.6,"12,334,500"
2-May-23,50.49,50.5,49.82,50.39,48.78,"11,329,500"
1-May-23,50.35,50.85,50.31,50.53,48.91,"11,409,600"
28-Apr-23,50.43,50.72,50.06,50.32,48.71,"14,088,600"
27-Apr-23,50.26,50.65,50.26,50.46,48.85,"12,861,000"
26-Apr-23,50.33,50.47,50.07,50.3,48.7,"12,910,200"
25-Apr-23,51.1,51.25,50.44,50.52,48.91,"17,246,700"
24-Apr-23,50.57,50.98,50.57,50.92,49.29,"13,579,500"
21-Apr-23,50.65,50.77,50.39,50.58,48.96,"25,335,000"
20-Apr-23,50.07,50.46,49.87,50.32,48.71,"13,641,600"
19-Apr-23,50.28,50.47,49.92,50,48.4,"12,433,500"
18-Apr-23,49.93,50.11,49.81,49.95,48.35,"13,482,300"
17-Apr-23,49.55,49.89,49.5,49.84,48.25,"16,166,700"
14-Apr-23,49.68,49.96,49.38,49.49,47.91,"10,464,900"
13-Apr-23,49.88,50,49.4,49.83,48.24,"13,272,600"
12-Apr-23,49.93,50.32,49.72,49.78,48.19,"11,209,800"
11-Apr-23,50.33,50.33,49.87,50.02,48.42,"18,370,500"
10-Apr-23,50.12,50.37,49.92,50.17,48.57,"14,519,100"
6-Apr-23,49.6,50.35,49.51,50.27,48.66,"17,891,700"
5-Apr-23,49.06,49.96,49.05,49.89,48.3,"26,540,700"
4-Apr-23,49.51,49.6,49.01,49.08,47.51,"18,113,700"
3-Apr-23,49.24,49.65,49.17,49.56,47.98,"19,766,700"
31-Mar-23,48.86,49.48,48.82,49.15,47.58,"20,868,000"
30-Mar-23,48.5,48.87,48.34,48.56,47,"21,879,000"
29-Mar-23,48.12,48.32,47.82,48.08,46.54,"24,216,900"
28-Mar-23,47.88,48.14,47.68,47.87,46.34,"21,282,900"
27-Mar-23,47.6,48.33,47.59,48.06,46.52,"26,775,600"
24-Mar-23,47,47.49,46.87,47.27,45.76,"22,752,300"
23-Mar-23,46.73,47.2,46.5,46.88,45.38,"22,044,300"
22-Mar-23,46.88,47.07,46.49,46.51,45.02,"18,548,400"
21-Mar-23,47.13,47.13,46.51,46.81,45.31,"19,013,400"
20-Mar-23,46.7,47.31,46.6,46.97,45.47,"33,928,500"
17-Mar-23,46.06,46.5,45.86,46.47,44.98,"43,081,200"
16-Mar-23,0.19 Dividend,,,,,
16-Mar-23,46.48,46.55,45.96,46.09,44.62,"28,905,600"
15-Mar-23,45.63,46.6,45.57,46.55,44.87,"33,133,500"
14-Mar-23,45.9,46.09,45.67,46.03,44.38,"25,542,600"
13-Mar-23,45.56,46.17,45.53,45.79,44.15,"28,142,100"
10-Mar-23,45.67,46.09,45.36,45.66,44.02,"20,065,200"
9-Mar-23,46.28,46.33,45.64,45.72,44.08,"15,415,800"
8-Mar-23,46.19,46.31,45.76,46.03,44.38,"19,090,800"
7-Mar-23,47.06,47.23,46.26,46.42,44.75,"17,387,400"
6-Mar-23,46.83,46.99,46.67,46.88,45.2,"16,720,800"
3-Mar-23,47.01,47.06,46.59,46.89,45.21,"16,888,800"
2-Mar-23,46.61,46.91,46.5,46.83,45.15,"14,785,500"
1-Mar-23,47.02,47.09,46.46,46.72,45.04,"14,180,100"
28-Feb-23,47,47.55,46.98,47.38,45.67,"18,054,000"
27-Feb-23,47.57,47.7,46.89,47.15,45.45,"16,647,300"
24-Feb-23,46.95,47.58,46.51,47.49,45.78,"20,623,500"
23-Feb-23,48.12,48.12,46.9,47.36,45.66,"22,021,200"
22-Feb-23,48.92,49.19,47.59,48.08,46.35,"29,844,000"
21-Feb-23,47.63,49.45,47.38,49.11,47.35,"54,393,900"
17-Feb-23,48.37,48.9,48.19,48.81,47.06,"24,770,700"
16-Feb-23,48.49,48.66,48.06,48.09,46.36,"16,312,200"
15-Feb-23,48.32,48.87,48.19,48.86,47.1,"14,674,200"
14-Feb-23,48.58,49.04,48.19,48.5,46.75,"13,831,200"
13-Feb-23,48.24,48.71,48.17,48.64,46.89,"16,015,800"
10-Feb-23,47.7,47.98,47.39,47.91,46.19,"15,002,700"
9-Feb-23,46.96,47.31,46.86,47.17,45.48,"13,064,400"
8-Feb-23,46.78,47.03,46.66,46.74,45.06,"11,691,300"
7-Feb-23,46.59,47.1,46.23,46.99,45.31,"16,341,300"
6-Feb-23,47.27,47.37,46.68,46.89,45.21,"17,454,000"
3-Feb-23,47.79,47.99,46.95,47.24,45.54,"17,155,500"
2-Feb-23,48.14,48.29,47.65,47.87,46.15,"17,806,800"
1-Feb-23,47.89,48.54,47.57,48.22,46.49,"12,849,300"
31-Jan-23,47.44,47.96,47.22,47.96,46.23,"14,103,600"
30-Jan-23,47.37,47.48,47.09,47.38,45.68,"15,897,600"
27-Jan-23,47.53,48.16,47.25,47.77,46.05,"18,412,800"
26-Jan-23,47.68,47.92,47.25,47.4,45.7,"15,819,000"
25-Jan-23,47.41,47.61,46.8,47.45,45.74,"12,491,700"
24-Jan-23,48.85,48.85,47,47.67,45.96,"13,669,200"
23-Jan-23,46.82,47.67,46.73,47.55,45.84,"13,149,900"
20-Jan-23,46.47,46.93,46.06,46.85,45.16,"29,543,100"
19-Jan-23,47.13,47.18,46.26,46.28,44.61,"17,342,100"
18-Jan-23,48.07,48.08,46.83,46.95,45.26,"22,674,300"
17-Jan-23,48.43,48.57,48.07,48.14,46.41,"15,122,400"
13-Jan-23,48.51,48.61,47.95,48.43,46.69,"13,699,800"
12-Jan-23,48.8,48.81,48.13,48.27,46.54,"12,472,800"
11-Jan-23,48.58,48.73,48.24,48.71,46.96,"14,834,700"
10-Jan-23,48.31,48.48,47.91,48.29,46.55,"11,970,600"
9-Jan-23,48.77,49.29,48.27,48.32,46.58,"17,756,700"
6-Jan-23,48.2,49.18,48.08,48.93,47.17,"21,231,900"
5-Jan-23,47.82,48.04,47.55,47.76,46.04,"13,274,400"
4-Jan-23,47.81,48.02,47.36,47.92,46.2,"13,338,300"
3-Jan-23,47.52,47.9,47.36,47.87,46.15,"17,249,700"
30-Dec-22,47.19,47.33,46.94,47.26,45.57,"11,505,900"
29-Dec-22,47.38,47.67,47.25,47.38,45.68,"9,171,900"
28-Dec-22,47.82,47.89,46.97,47.1,45.41,"15,246,300"
27-Dec-22,48.01,48.15,47.73,47.94,46.21,"10,044,600"
23-Dec-22,47.68,47.93,47.43,47.92,46.2,"9,547,500"
22-Dec-22,48.26,48.33,47.31,47.83,46.11,"13,082,400"
21-Dec-22,48.11,48.65,48.09,48.39,46.66,"13,726,500"
20-Dec-22,47.64,48.21,47.42,48.02,46.29,"17,009,400"
19-Dec-22,47.67,47.85,47.24,47.6,45.89,"15,067,500"
16-Dec-22,48.16,48.24,47.52,47.58,45.87,"40,343,100"
15-Dec-22,48.53,48.81,47.88,48.45,46.71,"17,514,000"
14-Dec-22,49.03,49.51,48.65,48.89,47.13,"20,334,600"
13-Dec-22,50,50.07,48.91,49.16,47.4,"23,408,100"
12-Dec-22,48.63,49.37,48.52,49.34,47.57,"19,432,200"
9-Dec-22,49.16,49.24,48.41,48.44,46.7,"27,929,400"
8-Dec-22,0.186667 Dividend,,,,,
8-Dec-22,49.72,49.76,49.38,49.59,47.81,"13,512,600"
7-Dec-22,50.17,50.4,49.61,49.7,47.74,"17,550,300"
6-Dec-22,50.4,50.64,49.74,49.96,47.99,"20,625,600"
5-Dec-22,50.92,51,50.17,50.55,48.55,"23,608,200"
2-Dec-22,50.49,51.08,50.49,51.07,49.05,"20,733,000"
1-Dec-22,50.68,51.2,50.24,51.12,49.1,"22,732,200"
30-Nov-22,50.87,50.92,50.4,50.81,48.8,"31,338,000"
29-Nov-22,51.01,51.24,50.85,50.99,48.97,"13,841,700"
28-Nov-22,50.91,51.55,50.91,51.17,49.15,"17,674,800"
25-Nov-22,50.71,51.03,50.62,51.02,49.01,"8,777,400"
23-Nov-22,50.69,51.12,50.63,50.81,48.8,"16,920,600"
22-Nov-22,50.67,50.82,50.37,50.56,48.56,"16,898,400"
21-Nov-22,50.2,50.71,50.06,50.38,48.39,"21,157,200"
18-Nov-22,49.89,50.08,49.59,50.08,48.1,"18,987,000"
17-Nov-22,49,49.58,48.9,49.33,47.38,"24,791,400"
16-Nov-22,49.29,50.07,49.04,49.5,47.54,"32,593,200"
15-Nov-22,48.54,50.09,48.18,49.15,47.2,"76,548,600"
14-Nov-22,47.21,47.77,46.09,46.13,44.31,"37,525,800"
11-Nov-22,47.56,47.71,46.66,47.53,45.65,"19,270,800"
10-Nov-22,47.5,47.56,46.83,47.45,45.58,"20,310,600"
9-Nov-22,47.59,47.72,46.4,46.49,44.65,"15,932,100"
8-Nov-22,47.53,48.02,47.17,47.6,45.71,"15,068,400"
7-Nov-22,47.09,47.66,47.09,47.48,45.61,"11,364,000"
4-Nov-22,47.34,47.4,46.26,46.99,45.13,"14,669,400"
3-Nov-22,46.5,47.24,46.36,46.91,45.05,"10,976,400"
2-Nov-22,47.05,47.86,46.9,46.92,45.06,"15,522,000"
1-Nov-22,47.66,47.85,47.17,47.23,45.36,"14,814,300"
31-Oct-22,47.45,47.69,47.26,47.44,45.57,"22,572,000"
28-Oct-22,46.68,47.63,46.68,47.5,45.63,"13,648,200"
27-Oct-22,47,47.37,46.76,46.91,45.06,"16,602,900"
26-Oct-22,46.79,47.35,46.61,47.05,45.19,"20,754,300"
25-Oct-22,46.36,46.81,46.11,46.69,44.84,"15,051,300"
24-Oct-22,45.82,46.83,45.71,46.47,44.63,"18,806,700"
21-Oct-22,44.94,45.8,44.67,45.6,43.8,"18,134,700"
20-Oct-22,44.66,45.13,44.55,44.7,42.93,"12,754,800"
19-Oct-22,44.78,44.91,44.32,44.59,42.82,"11,339,400"
18-Oct-22,44.48,45.03,44.44,44.71,42.95,"16,842,300"
17-Oct-22,43.65,44.28,43.53,43.79,42.06,"17,812,500"
14-Oct-22,44.15,44.41,43.35,43.48,41.76,"16,641,000"
13-Oct-22,43.09,44.31,42.79,44.09,42.35,"20,545,500"
12-Oct-22,44.34,44.92,43.66,43.72,41.99,"16,947,600"
11-Oct-22,43.17,44.6,43.15,44.22,42.47,"21,276,000"
10-Oct-22,43.18,43.31,42.76,43.11,41.4,"11,411,700"
7-Oct-22,43.77,43.88,42.69,42.85,41.16,"17,080,500"
6-Oct-22,44.36,44.83,43.86,43.89,42.16,"14,200,500"
5-Oct-22,44.59,44.87,44.17,44.31,42.55,"14,553,900"
4-Oct-22,44.62,45.07,44.46,44.75,42.98,"16,134,300"
3-Oct-22,43.41,44.26,43.34,44.18,42.43,"17,574,900"
30-Sep-22,44.08,44.12,43.23,43.23,41.52,"19,602,300"
29-Sep-22,44.5,44.71,43.88,44.08,42.34,"15,241,500"
28-Sep-22,43.8,44.55,43.24,44.37,42.62,"16,838,400"
27-Sep-22,44.08,44.48,43.43,43.65,41.92,"17,171,700"
26-Sep-22,42.92,44.05,42.76,43.77,42.04,"23,011,200"
23-Sep-22,44.29,44.39,42.92,43.35,41.64,"27,195,300"
22-Sep-22,44.86,44.91,44.28,44.46,42.71,"16,744,500"
21-Sep-22,45.15,45.82,44.87,44.92,43.15,"24,903,600"
20-Sep-22,44.49,44.63,44.18,44.52,42.76,"13,963,500"
19-Sep-22,44.27,44.92,44.16,44.78,43.01,"16,853,100"
16-Sep-22,44,44.85,43.76,44.4,42.64,"41,874,300"
15-Sep-22,45.02,45.05,44.32,44.49,42.73,"20,189,400"
14-Sep-22,45.21,45.51,44.7,44.97,43.2,"19,934,700"
13-Sep-22,45.62,45.98,44.94,45.07,43.29,"17,687,400"
12-Sep-22,45.69,46.08,45.66,46.02,44.2,"14,284,500"
9-Sep-22,45.43,45.83,45.38,45.61,43.81,"16,140,600"
8-Sep-22,45.13,45.62,44.96,45.48,43.68,"16,956,000"
7-Sep-22,44.35,45.32,44.25,45.25,43.46,"17,058,900"
6-Sep-22,44.35,44.54,43.57,44.11,42.37,"21,899,700"
2-Sep-22,44.95,45.22,44.15,44.33,42.58,"17,234,400"
1-Sep-22,44.18,45.05,44.13,44.83,43.05,"21,741,900"
31-Aug-22,44.26,44.6,43.98,44.18,42.44,"22,460,700"
30-Aug-22,44.45,44.55,43.91,44.16,42.41,"14,468,100"
29-Aug-22,43.61,44.62,43.53,44.29,42.54,"17,381,700"
26-Aug-22,45.37,45.61,43.84,43.87,42.13,"21,331,800"
25-Aug-22,45.09,45.33,45.01,45.29,43.5,"19,414,500"
24-Aug-22,44.78,45.1,44.53,44.99,43.21,"15,766,500"
23-Aug-22,44.87,44.99,44.4,44.67,42.9,"16,955,100"
22-Aug-22,45.4,45.57,44.81,44.86,43.08,"18,667,200"
19-Aug-22,46.31,46.36,45.64,45.67,43.87,"22,918,800"
18-Aug-22,46.51,46.81,46.17,46.36,44.52,"19,197,600"
17-Aug-22,46.19,47.57,46.13,46.51,44.67,"41,792,100"
16-Aug-22,46.3,46.98,46.06,46.46,44.62,"91,773,300"
15-Aug-22,43.88,44.52,43.79,44.2,42.45,"26,516,100"
12-Aug-22,43.33,44.28,43.27,44.07,42.33,"26,625,000"
11-Aug-22,0.186667 Dividend,,,,,
11-Aug-22,43.23,43.46,42.87,43.27,41.56,"23,854,500"
10-Aug-22,43.33,43.38,42.8,43.05,41.17,"25,251,000"
9-Aug-22,42.63,42.99,42.4,42.96,41.08,"19,325,100"
8-Aug-22,42.22,42.74,42.2,42.54,40.68,"18,175,200"
5-Aug-22,41.84,42.27,41.71,42.19,40.35,"32,007,000"
4-Aug-22,43.56,43.6,41.78,41.86,40.03,"53,106,000"
3-Aug-22,44.05,44.31,43.29,43.5,41.6,"32,003,100"
2-Aug-22,44.38,44.57,43.8,44.23,42.29,"19,695,000"
1-Aug-22,43.69,44.74,43.67,44.18,42.25,"24,996,300"
29-Jul-22,42.77,44.09,42.67,44.02,42.09,"30,141,900"
28-Jul-22,42.09,43.5,42.09,43.25,41.36,"33,262,200"
27-Jul-22,40.41,42.26,40.34,42.2,40.35,"42,159,600"
26-Jul-22,40.38,40.9,40.02,40.66,38.88,"95,391,600"
25-Jul-22,44.13,44.23,43.82,44.01,42.08,"20,535,300"
22-Jul-22,44.18,44.46,43.74,44.07,42.14,"13,616,400"
21-Jul-22,43.56,44.19,43.5,44.18,42.25,"18,764,700"
20-Jul-22,43.5,43.77,43.17,43.55,41.64,"18,564,900"
19-Jul-22,43.13,43.32,42.87,43.19,41.3,"16,995,300"
18-Jul-22,42.88,43.43,42.75,42.92,41.05,"14,243,700"
15-Jul-22,42.93,43.42,42.68,43.02,41.14,"21,184,200"
14-Jul-22,41.39,42.77,41.38,42.61,40.74,"20,905,500"
13-Jul-22,41.48,42.15,41.3,41.79,39.96,"12,689,100"
12-Jul-22,41.7,42.38,41.57,41.69,39.87,"13,732,200"
11-Jul-22,41.67,42.11,41.54,41.82,39.99,"11,532,900"
8-Jul-22,41.94,42.2,41.72,41.8,39.97,"14,751,000"
7-Jul-22,41.73,41.84,41.37,41.77,39.95,"17,487,300"
6-Jul-22,41.49,42.09,41.43,41.71,39.89,"21,300,000"
5-Jul-22,40.74,41.5,40.54,41.42,39.61,"18,218,100"
1-Jul-22,40.65,40.97,40.39,40.88,39.09,"17,460,900"
30-Jun-22,40.29,40.69,39.96,40.53,38.76,"19,166,100"
29-Jun-22,40.96,41.12,40.32,40.64,38.86,"19,111,500"
28-Jun-22,41.55,41.86,40.76,40.79,39.01,"15,399,000"
27-Jun-22,41.26,41.58,40.93,41.37,39.57,"19,889,100"
24-Jun-22,41.36,41.77,41.05,41.24,39.44,"31,845,900"
23-Jun-22,40.58,41.32,40.4,41.21,39.41,"18,040,800"
22-Jun-22,40.7,41.08,40.2,40.23,38.47,"20,235,000"
21-Jun-22,39.43,40.93,39.41,40.72,38.94,"23,916,600"
17-Jun-22,40.01,40.29,39.32,39.43,37.71,"36,838,800"
16-Jun-22,39.45,40.59,39.41,40.21,38.45,"30,706,800"
15-Jun-22,39.99,40.14,39.3,39.79,38.05,"25,914,000"
14-Jun-22,39.71,40,39.39,39.82,38.08,"21,544,200"
13-Jun-22,39.91,40.41,39.7,39.8,38.06,"24,897,900"
10-Jun-22,39.92,40.91,39.78,40.57,38.79,"25,238,100"
9-Jun-22,40.67,41.45,40.33,40.34,38.58,"19,880,100"
8-Jun-22,40.78,41.3,40.65,40.77,38.99,"22,522,800"
7-Jun-22,40.41,41.16,40.29,41.12,39.33,"47,707,800"
6-Jun-22,41.94,42.1,41.53,41.62,39.8,"19,855,500"
3-Jun-22,42.22,42.47,41.7,41.77,39.95,"18,302,700"
2-Jun-22,41.86,42.51,41.44,42.5,40.65,"23,214,300"
1-Jun-22,42.83,42.97,41.56,41.82,39.99,"28,534,800"
31-May-22,42.49,43.3,42.47,42.88,41,"36,912,300"
27-May-22,41.83,42.87,41.77,42.83,40.95,"25,299,900"
26-May-22,41.77,42.13,41.47,42,40.16,"28,197,600"
25-May-22,41.33,41.56,40.87,41.12,39.33,"27,121,800"
24-May-22,40.4,41.52,40.36,41.38,39.57,"34,584,900"
23-May-22,39.97,41.26,39.95,40.87,39.08,"43,680,900"
20-May-22,39.88,40.28,39.09,39.73,38,"49,356,000"
19-May-22,40.29,40.6,39.53,39.69,37.96,"71,008,500"
18-May-22,42.68,42.76,40.51,40.81,39.03,"104,253,000"
17-May-22,45.48,45.81,43.55,43.78,41.87,"132,940,200"
16-May-22,49.79,49.91,48.82,49.4,47.24,"21,449,100"
13-May-22,49.24,49.46,48.71,49.35,47.19,"19,962,300"
12-May-22,49.29,50.05,48.84,49.16,47.01,"25,244,400"
11-May-22,49.8,50.25,48.97,49.21,47.06,"27,878,700"
10-May-22,50.48,50.76,49.52,49.73,47.55,"24,861,300"
9-May-22,49.49,51.03,49.4,50.44,48.23,"28,207,200"
6-May-22,50.57,51.32,49.42,49.85,47.67,"34,258,200"
5-May-22,0.186667 Dividend,,,,,
5-May-22,51.21,51.28,50.47,50.91,48.69,"23,234,400"
4-May-22,50.68,51.61,50.5,51.54,49.11,"20,022,600"
3-May-22,50.81,51.43,50.59,50.84,48.44,"17,950,500"
2-May-22,51.65,51.66,50.11,50.66,48.27,"20,016,000"
29-Apr-22,51.94,52.07,50.9,51,48.59,"21,088,800"
28-Apr-22,51.74,52.33,51.37,52.07,49.61,"14,955,900"
27-Apr-22,51.84,52.07,51.34,51.41,48.99,"17,496,900"
26-Apr-22,52.12,52.71,51.73,51.77,49.32,"19,601,100"
25-Apr-22,52.12,52.49,51.45,52.31,49.85,"18,057,600"
22-Apr-22,53.42,53.45,52.22,52.29,49.82,"21,046,200"
21-Apr-22,53.31,53.59,53.02,53.29,50.78,"18,168,300"
20-Apr-22,52.78,53.45,52.76,53.21,50.7,"19,821,600"
19-Apr-22,52.22,52.65,52.01,52.55,50.07,"15,855,000"
18-Apr-22,52.25,52.66,51.74,51.96,49.51,"14,671,800"
14-Apr-22,52.37,52.76,52.14,52.36,49.89,"22,360,500"
13-Apr-22,51.15,52.6,51.12,52.41,49.93,"29,284,500"
12-Apr-22,51.41,51.8,50.85,51.08,48.67,"26,761,200"
11-Apr-22,52.32,52.75,51.21,51.43,49,"24,712,800"
8-Apr-22,52.3,52.8,52.07,52.47,50,"23,294,400"
7-Apr-22,51.7,52.51,51.48,52.18,49.72,"27,088,200"
6-Apr-22,50.34,51.81,50.17,51.66,49.23,"28,018,500"
5-Apr-22,50.29,51.11,50.29,50.49,48.11,"18,657,900"
4-Apr-22,50.3,51.07,50.03,50.35,47.97,"25,332,600"
1-Apr-22,49.89,50.42,49.61,50.34,47.96,"20,939,700"
31-Mar-22,49.6,50.18,49.39,49.64,47.3,"27,163,800"
30-Mar-22,49.04,50.06,49.01,49.96,47.6,"24,991,500"
29-Mar-22,48.87,49.37,48.75,49.08,46.76,"19,934,400"
28-Mar-22,47.83,48.69,47.77,48.67,46.37,"20,105,700"
25-Mar-22,47.82,47.98,47.42,47.82,45.56,"14,085,300"
24-Mar-22,47.46,47.97,47.29,47.61,45.36,"13,440,900"
23-Mar-22,47.71,47.91,47.17,47.32,45.08,"19,625,400"
22-Mar-22,48.2,48.32,47.66,47.93,45.67,"20,235,000"
21-Mar-22,48.48,49.1,47.87,48.08,45.81,"21,350,700"
18-Mar-22,48.39,48.52,48.04,48.48,46.19,"31,233,300"
17-Mar-22,0.186667 Dividend,,,,,
17-Mar-22,48.15,48.43,47.55,48.34,46.06,"19,023,000"
16-Mar-22,48.46,48.98,47.9,48.45,45.99,"24,615,900"
15-Mar-22,48.18,48.72,47.95,48.59,46.12,"22,872,600"
14-Mar-22,47.34,48.28,47.33,48.02,45.58,"22,646,400"
11-Mar-22,47.43,48.02,47.29,47.36,44.95,"19,162,200"
10-Mar-22,46.5,47.67,46.34,47.54,45.13,"27,512,700"
9-Mar-22,46.67,46.75,46.05,46.49,44.12,"22,122,900"
8-Mar-22,47.17,47.49,46.19,46.25,43.9,"28,305,600"
7-Mar-22,47.1,47.88,46.82,47.22,44.82,"45,870,000"
4-Mar-22,45.94,47.65,45.86,47.61,45.19,"35,576,400"
3-Mar-22,45.76,46.82,45.52,46.43,44.07,"29,885,100"
2-Mar-22,45.22,45.61,45.06,45.39,43.08,"23,863,800"
1-Mar-22,45.29,45.96,45.01,45.33,43.03,"24,024,900"
28-Feb-22,45,45.36,44.59,45.05,42.76,"26,286,600"
25-Feb-22,44.94,45.59,44.7,45.46,43.15,"24,997,800"
24-Feb-22,44.64,45,44,44.84,42.56,"31,717,500"
23-Feb-22,45.62,45.73,44.95,45.02,42.73,"21,030,900"
22-Feb-22,45.92,46.08,45.31,45.48,43.17,"25,380,900"
18-Feb-22,46.03,46.53,45.72,46,43.66,"31,103,400"
17-Feb-22,44.67,46.49,44.59,46.29,43.94,"53,831,400"
16-Feb-22,44.78,44.96,44.23,44.51,42.25,"28,490,700"
15-Feb-22,44.91,45.22,44.6,44.79,42.51,"21,824,400"
14-Feb-22,45.11,45.32,44.24,44.65,42.38,"29,363,400"
11-Feb-22,45.61,45.73,44.72,45.11,42.82,"23,733,300"
10-Feb-22,45.52,45.67,45.15,45.36,43.05,"27,810,600"
9-Feb-22,46.17,46.26,45.82,45.9,43.56,"21,473,700"
8-Feb-22,46.11,46.41,45.84,46,43.66,"19,458,900"
7-Feb-22,46.69,46.69,45.87,45.99,43.65,"20,010,300"
4-Feb-22,46.96,47,46.12,46.44,44.08,"22,036,500"
3-Feb-22,46.75,47.33,46.59,47,44.61,"20,741,100"
2-Feb-22,47,47.21,46.72,46.95,44.56,"18,149,700"
1-Feb-22,46.4,47.05,46.33,46.97,44.58,"20,323,200"
31-Jan-22,45.7,46.68,45.57,46.6,44.23,"20,193,600"
28-Jan-22,45.33,45.86,44.65,45.84,43.51,"25,131,900"
27-Jan-22,45.64,46.36,45.12,45.28,42.98,"27,759,000"
26-Jan-22,45.78,46.26,45.05,45.25,42.95,"26,185,500"
25-Jan-22,46.66,46.79,45.6,45.72,43.39,"29,479,500"
24-Jan-22,46.36,46.84,45.77,46.73,44.36,"28,699,200"
21-Jan-22,47.07,47.42,46.69,46.73,44.35,"27,508,200"
20-Jan-22,47.45,48.15,47.02,47.07,44.68,"22,387,200"
19-Jan-22,47.51,48.33,47.31,47.98,45.54,"22,674,000"
18-Jan-22,48.14,48.23,47.38,47.51,45.09,"21,123,900"
14-Jan-22,48.07,48.88,48.07,48.35,45.9,"26,867,400"
13-Jan-22,47.81,48.56,47.7,48.49,46.02,"24,252,600"
12-Jan-22,47.89,47.99,47.67,47.81,45.38,"18,946,800"
11-Jan-22,48.07,48.21,47.73,48.07,45.62,"21,668,700"
10-Jan-22,48.48,48.53,47.71,48.2,45.75,"22,731,600"
7-Jan-22,47.83,48.45,47.65,48.3,45.84,"19,723,500"
6-Jan-22,47.87,48.21,47.47,47.84,45.41,"21,828,900"
5-Jan-22,47.62,48.65,47.58,47.97,45.53,"35,418,000"
4-Jan-22,48.01,48.38,47.25,47.33,44.93,"33,930,000"
3-Jan-22,48,48.26,47.67,48.22,45.77,"20,706,600"
31-Dec-21,47.73,48.35,47.64,48.23,45.78,"17,947,800"
30-Dec-21,47.75,47.9,47.49,47.72,45.3,"14,949,000"
29-Dec-21,47.55,47.84,47.44,47.57,45.15,"13,045,200"
28-Dec-21,46.87,47.66,46.87,47.59,45.17,"15,783,000"
27-Dec-21,46.53,46.96,46.52,46.92,44.53,"16,040,700"
23-Dec-21,46.6,46.72,46.28,46.5,44.13,"17,592,600"
22-Dec-21,46.63,46.66,46.18,46.6,44.23,"17,028,000"
21-Dec-21,46.3,46.62,46,46.54,44.17,"24,620,400"
20-Dec-21,46.04,46.58,45.87,46.4,44.04,"31,017,900"
17-Dec-21,47.58,47.98,46.13,46.25,43.9,"78,581,100"
16-Dec-21,48.59,48.84,47.63,47.78,45.35,"39,069,600"
15-Dec-21,48.4,48.82,47.8,48.59,46.12,"33,489,900"
14-Dec-21,47.77,48.43,47.38,48.31,45.86,"46,721,400"
13-Dec-21,46.75,47.92,46.67,47.86,45.42,"54,039,300"
10-Dec-21,46.11,47.1,45.86,47.01,44.62,"38,575,500"
9-Dec-21,0.183333 Dividend,,,,,
9-Dec-21,45.54,46.19,45.24,46.17,43.82,"32,351,700"
8-Dec-21,46.02,46.17,45.34,45.72,43.22,"34,496,400"
7-Dec-21,46.53,46.61,46.03,46.18,43.66,"37,739,100"
6-Dec-21,45.85,46.45,45.7,46.33,43.8,"32,589,300"
3-Dec-21,45.29,45.96,45.1,45.84,43.33,"44,142,600"
2-Dec-21,45.88,46.15,45.08,45.16,42.69,"39,805,800"
1-Dec-21,46.84,46.91,45.68,45.71,43.22,"36,621,300"
30-Nov-21,47.16,47.5,46.67,46.88,44.32,"64,818,900"
29-Nov-21,48.33,48.42,47.41,47.54,44.95,"33,039,600"
26-Nov-21,48.81,49.29,48.14,48.3,45.66,"21,039,600"
24-Nov-21,48.58,49.02,48.55,48.85,46.18,"18,089,400"
23-Nov-21,48.08,48.66,47.75,48.6,45.95,"29,907,900"
22-Nov-21,47.55,48.45,47.33,48.26,45.62,"29,126,400"
19-Nov-21,47.87,48,47.31,47.46,44.87,"28,119,300"
18-Nov-21,47.38,47.76,46.95,47.72,45.11,"24,394,200"
17-Nov-21,47.72,48.24,47.27,47.31,44.73,"33,116,100"
16-Nov-21,48.37,48.89,47.43,47.72,45.12,"73,986,600"
15-Nov-21,49.38,49.48,48.8,48.97,46.29,"28,896,000"
12-Nov-21,49.67,49.75,49.18,49.25,46.56,"18,313,800"
11-Nov-21,49.59,49.66,49.4,49.5,46.8,"13,603,200"
10-Nov-21,49.58,49.87,49.33,49.48,46.78,"16,803,600"
9-Nov-21,49.84,49.96,49.62,49.93,47.2,"15,001,800"
8-Nov-21,50.07,50.17,49.58,49.76,47.04,"15,373,200"
5-Nov-21,50.67,50.67,49.87,50.08,47.34,"15,081,900"
4-Nov-21,50.06,50.62,49.94,50.43,47.67,"15,149,100"
3-Nov-21,49.87,50.1,49.68,50.06,47.32,"14,209,500"
2-Nov-21,49.99,50.06,49.76,49.91,47.18,"13,638,900"
1-Nov-21,49.99,50.25,49.78,49.93,47.2,"12,549,600"
29-Oct-21,49.3,50.03,49.19,49.81,47.09,"22,022,700"
28-Oct-21,49.45,49.66,49.24,49.48,46.78,"12,598,500"
27-Oct-21,49.65,49.67,49.13,49.18,46.49,"14,565,600"
26-Oct-21,50,50.18,49.49,49.58,46.87,"17,418,600"
25-Oct-21,49.59,50.17,49.34,50.02,47.29,"19,287,900"
22-Oct-21,49.03,49.9,49.03,49.45,46.74,"21,195,600"
21-Oct-21,48.86,48.97,48.6,48.94,46.26,"13,954,500"
20-Oct-21,48.3,48.83,48.3,48.67,46.01,"17,453,700"
19-Oct-21,48.21,48.54,47.89,48.23,45.59,"33,444,300"
18-Oct-21,46.67,47.34,46.61,47.23,44.65,"19,887,000"
15-Oct-21,46.87,47.03,46.65,46.85,44.29,"20,737,200"
14-Oct-21,46.17,46.69,46.17,46.62,44.08,"19,783,500"
13-Oct-21,46.5,46.67,46.04,46.12,43.6,"17,937,900"
12-Oct-21,46.45,46.8,46.36,46.46,43.92,"15,789,300"
11-Oct-21,46.51,46.93,46.48,46.51,43.97,"13,048,200"
8-Oct-21,46.55,46.7,46.34,46.55,44.01,"13,847,400"
7-Oct-21,46.26,46.9,46.25,46.41,43.88,"21,068,100"
6-Oct-21,45.41,45.93,45.38,45.87,43.37,"19,376,700"
5-Oct-21,45.32,45.9,45.3,45.54,43.05,"20,597,400"
4-Oct-21,45.7,46.08,44.9,45.24,42.77,"29,970,300"
1-Oct-21,46.42,46.54,45.31,45.68,43.19,"30,014,400"
30-Sep-21,46.88,47.24,46.42,46.46,43.92,"22,457,700"
29-Sep-21,46.88,47.28,46.77,46.81,44.26,"21,375,600"
28-Sep-21,47.29,47.36,46.66,46.83,44.27,"20,580,900"
27-Sep-21,47.62,47.85,47.28,47.42,44.83,"21,250,800"
24-Sep-21,47.5,47.9,47.5,47.72,45.12,"13,360,500"
23-Sep-21,47.74,47.88,47.48,47.59,44.99,"15,585,300"
22-Sep-21,47.82,47.87,47.43,47.56,44.96,"15,044,400"
21-Sep-21,47.57,48.19,47.56,47.67,45.07,"17,437,500"
20-Sep-21,47.83,48.4,47.21,47.58,44.98,"25,054,500"
17-Sep-21,48.05,48.72,48.01,48.24,45.61,"73,032,600"
16-Sep-21,48.15,48.44,47.9,48.34,45.7,"18,428,400"
15-Sep-21,48.02,48.25,47.93,48.18,45.55,"14,850,000"
14-Sep-21,48.49,48.63,47.97,48.1,45.47,"16,533,900"
13-Sep-21,48.84,49.05,48.21,48.35,45.71,"19,529,400"
10-Sep-21,49.07,49.08,48.48,48.63,45.97,"15,775,200"
9-Sep-21,49.15,49.2,48.61,48.81,46.14,"22,328,700"
8-Sep-21,48.98,49.44,48.91,49.15,46.47,"19,508,400"
7-Sep-21,49.66,49.72,49.02,49.09,46.41,"25,345,200"
3-Sep-21,49.4,49.88,49.3,49.75,47.03,"17,211,900"
2-Sep-21,49.37,49.6,49.23,49.52,46.81,"20,018,100"
1-Sep-21,49.19,49.31,48.86,49.26,46.57,"19,056,600"
31-Aug-21,49.33,49.48,49.08,49.37,46.67,"25,078,500"
30-Aug-21,48.81,49.33,48.67,49.23,46.54,"16,440,600"
27-Aug-21,49.17,49.23,48.73,48.84,46.17,"23,088,600"
26-Aug-21,49.16,49.42,48.89,49.12,46.43,"23,466,900"
25-Aug-21,49.47,49.76,49.34,49.65,46.94,"21,921,300"
24-Aug-21,50.17,50.17,49.57,49.63,46.92,"18,828,900"
23-Aug-21,50.51,50.6,50.14,50.15,47.41,"16,166,100"
20-Aug-21,50.16,50.57,49.92,50.48,47.72,"19,400,400"
19-Aug-21,49.44,50.22,49.33,50.04,47.3,"22,630,500"
18-Aug-21,50.18,50.86,49.67,49.7,46.98,"28,211,700"
17-Aug-21,50.13,50.83,49.7,50.23,47.49,"50,950,200"
16-Aug-21,49.89,50.58,49.68,50.25,47.5,"47,791,500"
13-Aug-21,49.79,50.12,49.72,49.84,47.12,"15,981,300"
12-Aug-21,0.183333 Dividend,,,,,
12-Aug-21,49.67,50.07,49.6,49.69,46.97,"18,269,100"
11-Aug-21,49.84,50.53,49.72,50,47.1,"41,455,800"
10-Aug-21,48.99,49.65,48.75,49.56,46.68,"38,262,000"
9-Aug-21,48.64,48.83,48.47,48.53,45.71,"15,811,800"
6-Aug-21,48.74,48.82,48.32,48.41,45.6,"19,263,600"
5-Aug-21,48.08,48.51,48,48.5,45.68,"27,005,400"
4-Aug-21,47.79,47.98,47.58,47.61,44.85,"15,301,500"
3-Aug-21,47.48,47.97,47.45,47.94,45.15,"18,915,300"
2-Aug-21,47.61,47.62,47.22,47.41,44.65,"19,958,400"
30-Jul-21,47.07,47.65,47.07,47.52,44.76,"16,332,300"
29-Jul-21,47.55,47.62,47.34,47.41,44.66,"11,063,100"
28-Jul-21,47.49,47.75,47.22,47.35,44.6,"14,071,500"
27-Jul-21,47.67,47.67,47.32,47.55,44.78,"15,395,700"
26-Jul-21,47.45,47.95,47.15,47.54,44.78,"18,517,200"
23-Jul-21,47.17,47.57,47,47.48,44.72,"15,947,400"
22-Jul-21,47.04,47.37,46.93,47.09,44.35,"13,013,400"
21-Jul-21,47.5,47.51,46.9,47.06,44.32,"18,591,900"
20-Jul-21,46.99,47.49,46.93,47.29,44.54,"19,020,300"
19-Jul-21,47.14,47.66,46.59,47.08,44.34,"27,383,100"
16-Jul-21,47.23,47.38,46.98,47.19,44.44,"18,095,400"
15-Jul-21,47.33,47.55,47.03,47.22,44.48,"17,974,800"
14-Jul-21,46.9,47.27,46.61,47.18,44.44,"18,812,100"
13-Jul-21,46.66,47.06,46.65,46.86,44.14,"18,947,700"
12-Jul-21,46.9,46.93,46.44,46.68,43.97,"19,515,000"
9-Jul-21,46.8,46.95,46.64,46.77,44.05,"15,185,400"
8-Jul-21,46.11,46.88,46.07,46.53,43.83,"21,267,000"
7-Jul-21,46.59,47.06,46.45,46.57,43.86,"25,607,400"
6-Jul-21,46.63,46.92,46.5,46.65,43.94,"18,279,300"
2-Jul-21,46.45,47.03,46.45,46.7,43.99,"26,280,600"
1-Jul-21,46.8,47.08,46.34,46.44,43.74,"26,348,700"
30-Jun-21,46.52,47.53,46.23,47.01,44.28,"45,511,200"
29-Jun-21,45.97,46.16,45.74,45.77,43.11,"35,962,500"
28-Jun-21,46.01,46.21,45.53,46.03,43.36,"15,549,000"
25-Jun-21,45.71,46.29,45.64,46.18,43.49,"28,640,700"
24-Jun-21,45.39,45.75,45.37,45.64,42.98,"23,444,100"
23-Jun-21,45.5,45.66,45.31,45.32,42.69,"19,390,500"
22-Jun-21,45.41,45.91,45.41,45.68,43.02,"19,107,000"
21-Jun-21,45.22,45.58,45.12,45.47,42.82,"20,775,000"
18-Jun-21,45.15,45.46,44.8,45.06,42.44,"44,812,800"
17-Jun-21,45.67,46.12,45.57,45.91,43.24,"19,341,900"
16-Jun-21,46.62,46.68,45.66,45.72,43.06,"28,794,900"
15-Jun-21,46.95,46.97,46.55,46.67,43.95,"19,327,200"
14-Jun-21,46.98,46.98,46.68,46.85,44.13,"15,140,700"
11-Jun-21,46.74,46.95,46.62,46.92,44.19,"25,232,400"
10-Jun-21,46.36,46.73,46.36,46.63,43.92,"16,378,500"
9-Jun-21,46.45,46.67,46.34,46.36,43.67,"17,085,300"
8-Jun-21,46.84,46.97,46.6,46.61,43.9,"20,120,700"
7-Jun-21,47.28,47.32,46.8,46.97,44.24,"16,630,800"
4-Jun-21,47.15,47.43,47.08,47.28,44.54,"13,635,900"
3-Jun-21,47.13,47.28,46.92,47.2,44.46,"18,374,400"
2-Jun-21,47.13,47.24,46.7,47.12,44.38,"23,298,000"
1-Jun-21,47.4,47.6,47.09,47.22,44.48,"20,767,500"
28-May-21,47.31,47.48,47.21,47.34,44.59,"21,186,300"
27-May-21,47.78,47.89,47.23,47.23,44.49,"56,577,000"
26-May-21,47.46,47.63,47.25,47.39,44.64,"19,294,200"
25-May-21,47.27,47.55,47.02,47.45,44.69,"21,505,200"
24-May-21,47.25,47.47,47.12,47.25,44.51,"18,945,900"
21-May-21,47.51,47.69,47.2,47.25,44.5,"22,927,500"
20-May-21,47.17,47.62,46.9,47.47,44.71,"30,540,900"
19-May-21,46.9,47.91,46.83,47.31,44.56,"34,874,700"
18-May-21,47.84,48.19,47.07,47.3,44.55,"58,183,800"
17-May-21,46.67,46.8,46.26,46.3,43.61,"19,675,800"
14-May-21,46.27,46.75,46.14,46.51,43.8,"16,091,700"
13-May-21,45.41,46.33,45.25,46.08,43.4,"21,475,200"
12-May-21,46.29,46.33,45.3,45.31,42.68,"25,998,300"
11-May-21,46.96,46.96,46.11,46.52,43.81,"26,464,200"
10-May-21,46.82,47.36,46.77,46.94,44.21,"26,307,600"
7-May-21,47.21,47.24,46.44,46.73,44.02,"23,408,400"
6-May-21,0.183333 Dividend,,,,,
6-May-21,46.67,47.12,46.48,47.02,44.28,"16,302,000"
5-May-21,46.9,47.07,46.75,46.87,43.97,"18,351,000"
4-May-21,47.18,47.34,46.7,46.91,44.01,"19,084,200"
3-May-21,46.56,47.58,46.56,47.37,44.45,"27,139,500"
30-Apr-21,46.57,46.66,46.37,46.64,43.75,"19,680,000"
29-Apr-21,45.97,46.67,45.97,46.54,43.67,"19,596,000"
28-Apr-21,46.12,46.2,45.96,45.96,43.12,"14,286,600"
27-Apr-21,46,46.32,45.85,46.13,43.28,"16,151,400"
26-Apr-21,46.64,46.67,45.88,45.97,43.13,"22,846,200"
23-Apr-21,46.37,46.78,46.34,46.63,43.75,"22,971,000"
22-Apr-21,47.03,47.15,46.47,46.56,43.68,"19,705,200"
21-Apr-21,46.92,47.23,46.84,47.07,44.16,"17,335,200"
20-Apr-21,46.47,47.26,46.27,46.93,44.03,"24,452,100"
19-Apr-21,46.76,46.86,46.54,46.57,43.69,"19,281,000"
16-Apr-21,46.96,46.99,46.57,46.87,43.97,"26,488,500"
15-Apr-21,46.47,46.82,46.4,46.72,43.83,"21,710,400"
14-Apr-21,46.37,46.49,46.14,46.44,43.57,"21,924,600"
13-Apr-21,46.6,46.67,46.29,46.46,43.59,"17,397,900"
12-Apr-21,46.69,46.79,46.45,46.6,43.72,"18,723,000"
9-Apr-21,46.54,46.7,46.24,46.59,43.71,"20,676,600"
8-Apr-21,46.82,47.04,46.55,46.57,43.69,"19,095,600"
7-Apr-21,46.77,46.92,46.55,46.6,43.72,"20,361,600"
6-Apr-21,46.37,46.98,46.17,46.7,43.81,"31,044,600"
5-Apr-21,45.57,46.72,45.4,46.48,43.6,"40,043,100"
1-Apr-21,45.31,45.63,45.11,45.21,42.41,"25,595,100"
31-Mar-21,45.18,45.62,44.99,45.28,42.48,"24,546,000"
30-Mar-21,45.44,45.86,45.16,45.25,42.45,"27,230,100"
29-Mar-21,45,45.67,44.87,45.56,42.74,"30,146,400"
26-Mar-21,44.67,45.07,44.47,45.04,42.26,"28,653,600"
25-Mar-21,44.42,44.84,44.29,44.67,41.91,"28,125,900"
24-Mar-21,44.81,44.81,44.35,44.37,41.63,"23,547,300"
23-Mar-21,43.9,44.77,43.88,44.65,41.89,"29,154,900"
22-Mar-21,43.67,44.15,43.66,44.12,41.4,"24,654,000"
19-Mar-21,43.38,44.17,43.3,43.91,41.2,"57,703,500"
18-Mar-21,0.183333 Dividend,,,,,
18-Mar-21,43.72,43.98,43.31,43.34,40.66,"29,815,500"
17-Mar-21,44.17,44.38,43.99,44.09,41.2,"24,156,300"
16-Mar-21,44.27,44.76,44.27,44.46,41.54,"19,881,000"
15-Mar-21,44.91,44.92,44.27,44.48,41.55,"25,071,900"
12-Mar-21,44.17,44.84,44.03,44.71,41.77,"28,437,600"
11-Mar-21,44.45,44.5,43.84,44.04,41.15,"35,489,700"
10-Mar-21,42.95,44.35,42.82,44.06,41.17,"44,929,200"
9-Mar-21,42.93,43.29,42.77,42.96,40.14,"31,988,700"
8-Mar-21,43.11,43.28,42.6,42.63,39.83,"40,988,400"
5-Mar-21,42.28,43.25,42.25,43.04,40.21,"34,073,700"
